,headline,final_score,datetime
0,Q1 2023 Genworth Financial Inc Earnings Call,90,2023-05-04 20:30:06
1,Why Genworth Financial Stock Was Dropping Today,86,2023-05-04 13:09:00
2,Genworth Financial (GNW) Q1 2023 Earnings Call Transcript,86,2023-05-04 12:30:40
3,"Genworth Financial, Inc. (GNW) Q1 2023 Earnings Call Transcript",86,2023-05-04 06:09:04
4,GNW Crosses Below Key Moving Average Level,60,2023-05-04 03:17:00
5,"Genworth Financial, Inc. 2023 Q1 - Results - Earnings Call Presentation",86,2023-05-04 03:06:11
6,Genworth Financial Announces First Quarter 2023 Results,86,2023-05-03 13:15:00
7,Genworth Financial: Q1 Earnings Snapshot,86,2023-05-03 11:34:00
8,"Genworth Financial Non-GAAP EPS of $0.17, revenue of $1.85B",86,2023-05-02 21:03:00
9,"Genworth reports Q1 adjusted EPS 17c, consensus 20c",86,2023-05-02 20:34:00
11,Genworth Financial Schedules Earnings Conference Call for May 4,86,2023-04-06 13:33:00
13,Genworth Financial Breaks Below 200-Day Moving Average - Notable for GNW,86,2023-03-24 03:11:00
14,Genworth Financial: Heading Towards A Positive Trajectory,86,2023-03-22 23:55:16
15,Genworth Financial: Trading At A Substantial Discount,86,2023-03-22 22:39:11
