,headline,final_score,datetime
0,Credit Suisse Maintains Sysco (SYY) Outperform Recommendation,86,2023-05-03 08:53:46
1,Stephens & Co. Reiterates Sysco (SYY) Overweight Recommendation,86,2023-05-03 08:53:44
2,Morgan Stanley Maintains Sysco (SYY) Equal-Weight Recommendation,86,2023-05-03 08:53:42
3,Stephens Reaffirms Their Buy Rating on Sysco (SYY),86,2023-05-03 04:26:00
4,Bank of America Securities Sticks to Its Buy Rating for Sysco (SYY),86,2023-05-03 00:15:00
5,Q3 2023 Sysco Corp Earnings Call,90,2023-05-02 23:21:05
6,Sysco (SYY) Gets a Buy from BMO Capital,86,2023-05-02 23:16:00
7,Sysco price target lowered to $88 from $94 at Credit Suisse,86,2023-05-02 22:37:00
9,Barclays Sticks to Their Buy Rating for Sysco (SYY),86,2023-05-02 22:05:00
10,Sysco price target lowered to $85 from $87 at Barclays,86,2023-05-02 21:57:00
11,Sysco Corp. stock underperforms Wednesday when compared to competitors,90,2023-05-02 21:27:00
12,Sysco Shares Slide Post Mixed Q3 Performance Reflecting Industry Softness,86,2023-05-02 09:39:09
13,"Sysco's (SYY) Q3 Earnings Lag Estimates, Sales Advance Y/Y",86,2023-05-02 08:09:03
14,Sysco Corporation (SYY) Q3 2023 Earnings Call Transcript,90,2023-05-02 07:09:04
15,Sysco Corp misses profit estimates on higher input costs,90,2023-05-02 06:22:21
16,Sysco (SYY) Lags Q3 Earnings Estimates,86,2023-05-02 06:15:01
17,Sysco Reports Record Third Quarter Operating Income,86,2023-05-02 05:00:00
18,Sysco on track to repurchase about $500M in shares this FY,86,2023-05-02 02:26:00
19,"Sysco sees lower traffic, lower inflation continuing through Q4",86,2023-05-02 02:15:00
20,Sysco sees ending year near bottom of FY23 EPS view $4.00-$4.15,86,2023-05-02 02:07:00
21,Sysco on target to grow adjusted operating income 1.35x in FY23,86,2023-05-02 02:05:00
22,Sysco continuing to target net debt to adjusted EBITDA ratio of 2.50-2.75x,86,2023-05-02 02:05:00
23,Sysco: Fiscal Q3 Earnings Snapshot,86,2023-05-02 01:12:00
24,"Sysco reports Q3 adjusted EPS 90c, consensus 92c",86,2023-05-02 00:11:00
25,"Sysco Non-GAAP EPS of $0.90 misses by $0.02, revenue of $18.9B beats by $340M",86,2023-05-02 00:08:00
26,"Sysco Corp. stock falls Tuesday, underperforms market",90,2023-05-01 21:27:00
27,"Sysco slips after EPS miss, conference call warning on industry fundamentals",86,2023-05-01 19:20:00
30,Sysco Q3 2023 Earnings Preview,86,2023-05-01 05:10:00
33,Notable earnings before Tuesday`s open,54,2023-05-01 03:16:00
34,"Sysco Corp. stock rises Monday, outperforms market",90,2023-04-30 21:26:00
35,An Intrinsic Calculation For Sysco Corporation (NYSE:SYY) Suggests It's 39% Undervalued,60,2023-04-30 06:01:43
37,Sysco (SYY) Declares $0.50 Dividend,86,2023-04-28 17:44:50
39,"Sysco Corp. stock rises Friday, outperforms market",90,2023-04-28 10:25:00
41,Navistar and Sysco partner on all-electric refrigerated trucks,86,2023-04-28 02:05:00
42,Sysco Declares Increase to Quarterly Dividend,86,2023-04-27 13:30:00
43,"Sysco Corp. stock rises Thursday, still underperforms market",90,2023-04-27 10:27:00
44,Sysco Corporation (SYY) to Post Q3 Earnings: What's in Store?,90,2023-04-27 08:14:03
46,Sysco declares $0.50 dividend,86,2023-04-26 20:54:00
48,"Sysco Corp. stock falls Wednesday, underperforms market",90,2023-04-26 10:25:00
52,"Sysco Corp. stock falls Tuesday, still outperforms market",90,2023-04-25 10:25:00
53,Sysco (SYY) Earnings Expected to Grow: What to Know Ahead of Next Week's Release,86,2023-04-25 07:01:02
55,"Sysco Corp. stock falls Monday, underperforms market",90,2023-04-24 10:26:00
60,"Sysco Unveils First Electric Vehicle Hub, Advancing Its Industry Leading Climate Change Commitment",57,2023-04-24 05:00:00
62,Sysco unveils first Electric Vehicle Hub,86,2023-04-24 00:25:00
64,A Sysco Corporation (NYSE:SYY) insider lowered their holding by 17% earlier this year,60,2023-04-22 05:00:21
66,Sysco Corp. stock underperforms Thursday when compared to competitors,90,2023-04-20 10:25:00
68,Interesting SYY Put And Call Options For June 16th,60,2023-04-20 03:04:00
70,Sysco: Boring Company With Expanding Margins And Industry-Leading Growth,86,2023-04-19 05:02:17
71,Is It Too Late To Consider Buying Sysco Corporation (NYSE:SYY)?,90,2023-04-18 04:00:57
74,Sysco Corp. stock underperforms Friday when compared to competitors,90,2023-04-14 10:25:00
75,Returns On Capital At Sysco (NYSE:SYY) Have Hit The Brakes,86,2023-04-14 07:00:34
76,Sysco's (SYY) Recipe for Growth Bodes Well Amid Cost Woes,86,2023-04-13 06:21:01
78,"Sysco Corp. stock rises Tuesday, outperforms market",90,2023-04-11 10:25:00
79,Sysco to Release Third Quarter Fiscal Year 2023 Financial Results on May 2,86,2023-04-11 05:00:00
80,Sysco Corp. stock outperforms competitors on strong trading day,90,2023-04-10 10:25:00
81,"Sysco Moves Up In Analyst Rankings, Passing SBA Communications",86,2023-04-10 03:50:00
82,Video: S&P 500 Analyst Moves: SYY,60,2023-04-10 03:50:00
84,Sysco Corporation (NYSE:SYY) is favoured by institutional owners who hold 85% of the company,60,2023-04-08 04:00:27
85,4 Dividend Aristocrat Buys For April + 2 To Watch,54,2023-04-06 23:21:07
86,"Sysco Corp. stock falls Thursday, underperforms market",90,2023-04-06 10:25:00
88,May 26th Options Now Available For Sysco,86,2023-04-06 04:58:00
89,"Sysco Corp. stock rises Wednesday, outperforms market",90,2023-04-05 10:25:00
91,Sysco Corp. stock outperforms market despite losses on the day,90,2023-04-04 10:25:00
95,"Investors more bullish on Sysco (NYSE:SYY) this week as stock advances 3.5%, despite earnings trending downwards over past three years",57,2023-04-01 04:00:23
96,Sysco (SYY) Gains But Lags Market: What You Should Know,86,2023-03-31 15:15:10
98,"Sysco Corp. stock rises Friday, still underperforms market",90,2023-03-31 10:29:00
99,"Analysts Offer Insights on Industrial Goods Companies: FedEx (FDX), Sysco (SYY) and Bloom Energy (BE)",57,2023-03-31 00:11:00
101,"Sysco Corp. stock rises Wednesday, still underperforms market",90,2023-03-29 10:25:00
102,Sysco Corp. stock outperforms market on strong trading day,90,2023-03-28 10:25:00
103,Sysco Hires Kenny Cheung as Finance Chief,86,2023-03-28 05:48:00
104,Sysco Names Kenny Cheung Chief Financial Officer,86,2023-03-28 05:00:00
106,Sysco names ex-Hertz executive for CFO role,86,2023-03-28 03:01:00
107,Stephens encouraged by Sysco announcement of permanent CFO,86,2023-03-28 02:48:00
108,Sysco appoints Kenny Cheung to CFO,86,2023-03-28 00:22:00
109,Sysco Workers Go On Strike Amid Contract Negotiations,86,2023-03-27 11:07:00
110,Does Sysco Corporation (SYY) Have an Attractive Valuation?,90,2023-03-27 00:36:07
111,Is There An Opportunity With Sysco Corporation's (NYSE:SYY) 40% Undervaluation?,90,2023-03-26 06:00:23
114,Sysco Corp. stock outperforms competitors despite losses on the day,90,2023-03-22 10:25:00
115,One Sysco Corporation (NYSE:SYY) insider reduced their stake by 17% in the previous year,60,2023-03-22 06:01:31
116,Sysco management to meet with Stephens,86,2023-03-21 20:55:00
117,Sysco (SYY) Outpaces Stock Market Gains: What You Should Know,86,2023-03-21 15:15:10
118,Sysco price target lowered to $83 from $84 at JPMorgan,86,2023-03-20 23:14:00
119,Sysco: Foodservice Giant Valued Appropriately,86,2023-03-20 00:54:29
120,Interesting SYY Put And Call Options For November 17th,60,2023-03-16 04:38:00
121,When Should You Buy Sysco Corporation (NYSE:SYY)?,90,2023-03-16 04:00:17
122,Sysco (SYY) Gains As Market Dips: What You Should Know,86,2023-03-15 15:15:10
123,Sysco Corp. stock underperforms Wednesday when compared to competitors despite daily gains,60,2023-03-15 10:25:00
124,"Sysco Corp. stock rises Tuesday, still underperforms market",90,2023-03-14 10:26:00
127,Litigation funder Burford sues Sysco over $140 million antitrust investment,86,2023-03-13 13:43:44
128,Litigation funder Burford sues Sysco over $140 mln antitrust investment,86,2023-03-13 11:17:26
131,Sysco Stock Deserves a Place at Your Table,86,2023-03-10 15:52:00
132,"Sysco Corp. stock falls Friday, underperforms market",90,2023-03-10 09:25:00
135,"Sysco Corp. stock falls Thursday, still outperforms market",90,2023-03-09 09:26:00
137,Sysco Corporation attracts buy rating from BofA on margin recovery story,90,2023-03-08 23:06:00
138,Sysco reinstated with a Buy at BofA,86,2023-03-08 21:06:00
139,April 28th Options Now Available For Sysco (SYY),86,2023-03-08 17:26:00
141,Sysco Corp. stock underperforms Tuesday when compared to competitors,90,2023-03-07 09:26:00
142,"Sysco (SYY) Hurt by Elevated Costs, Recipe for Growth Aids",86,2023-03-07 06:38:02
