,headline,final_score,datetime
0,Should You Hold P10 (PX) for the Long Term?,86,2023-05-02 05:11:50
3,"P10 Schedules First Quarter 2023 Earnings Release for Monday, May 15, 2023",57,2023-04-25 13:30:00
4,"Keefe, Bruyette & Woods Maintains P10, Inc. (PX) Outperform Recommendation",60,2023-04-19 04:20:03
5,KBW Remains a Buy on P10 Holdings (PX),86,2023-04-18 04:26:00
6,"Oppenheimer Maintains P10, Inc. (PX) Outperform Recommendation",90,2023-04-13 14:41:50
8,Shareholders in P10 (NYSE:PX) are in the red if they invested a year ago,60,2023-04-06 04:23:22
10,Warning: PX is at high risk of performing badly,60,2023-04-03 20:02:00
11,"Analysts Are Bullish on Top Financial Stocks: P10 Holdings (PX), Rithm Capital (RITM)",60,2023-03-28 21:40:00
12,P10 goes ex dividend tomorrow,86,2023-03-13 19:49:00
13,PX Ex-Dividend Reminder - 3/15/23,60,2023-03-13 02:07:00
14,P10 Holdings (PX) Receives a Buy from Barclays,86,2023-03-12 21:36:00
15,"P10, Inc. (NYSE:PX) Passed Our Checks, And It's About To Pay A US$0.03 Dividend",60,2023-03-10 02:37:39
16,"P10, Inc. (PX) Declares $0.03 Dividend",90,2023-03-09 17:51:48
17,Analysts Offer Insights on Financial Companies: P10 Holdings (PX) and Keppel REIT (OtherKREVF),60,2023-03-08 22:10:00
18,"P10, Inc. (NYSE:PX) Q4 2022 Earnings Call Transcript",90,2023-03-08 04:00:07
19,Q4 2022 P10 Inc Earnings Call,86,2023-03-07 04:19:11
20,"P10, Inc. (PX) Q4 Earnings and Revenues Surpass Estimates",90,2023-03-06 15:05:11
21,P10 Reports Fourth Quarter and Full Year 2022 Earnings Results,86,2023-03-06 13:10:00
22,"P10, Inc. (PX) Q4 2022 Earnings Call Transcript",90,2023-03-06 13:09:08
23,P10 Q4 2022 Earnings Preview,86,2023-03-04 20:40:00
