,headline,final_score,datetime
1,ONEOK a Top Socially Responsible Dividend Stock With 6.1% Yield (OKE),86,2023-05-03 23:33:00
2,Q1 2023 ONEOK Inc Earnings Call,86,2023-05-03 22:27:59
3,ONEOK (OKE) Q1 2023 Earnings Call Transcript,86,2023-05-03 14:30:29
4,"ONEOK, Inc. (OKE) Q1 2023 Earnings Call Transcript",86,2023-05-03 06:42:09
5,"ONEOK, Inc. 2023 Q1 - Results - Earnings Call Presentation",86,2023-05-03 06:40:02
6,"ONEOK (OKE) Q1 Earnings Beat Estimates, Revenues Miss",86,2023-05-03 02:42:09
7,Oneok Inc. (OKE) Surpasses Q1 Earnings Estimates,86,2023-05-02 14:55:09
8,ONEOK Announces Higher First Quarter 2023 Net Income; Affirms 2023 Financial Guidance,86,2023-05-02 13:15:00
9,Oneok: Q1 Earnings Snapshot,86,2023-05-02 09:48:00
10,ONEOK Breaks Below 200-Day Moving Average - Notable for OKE,86,2023-05-02 03:05:00
11,ONEOK GAAP EPS of $2.34 beats by $0.05,86,2023-05-01 20:29:00
12,Oneok affirms FY23 financial guidance,86,2023-05-01 20:29:00
13,"Oneok reports Q1 EPS $2.34, consensus $2.09",86,2023-05-01 20:16:00
14,ONEOK Shares Cross 6% Yield Mark,86,2023-05-01 19:18:00
15,ONEOK: Strong Cash Flow Outlook For 2023 Boosted By One-Time Insurance Payout,86,2023-04-29 21:42:16
16,Energy Income Weekly: Opportunity Is Knocking,51,2023-04-27 11:56:05
18,ONEOK (OKE) to Release Q1 Earnings: What's in the Cards?,86,2023-04-26 10:21:05
20,"Ex-Dividend Reminder: ONEOK, HighPeak Energy and Kinder Morgan",86,2023-04-26 05:30:00
23,Oneok Inc. (OKE) Earnings Expected to Grow: Should You Buy?,86,2023-04-25 07:01:02
25,ONEOK: A Lot More Than Its Dividend,86,2023-04-25 00:49:57
26,Oneok Inc. (OKE) Outpaces Stock Market Gains: What You Should Know,86,2023-04-24 15:00:10
27,ONEOK (NYSE:OKE) Has Announced That It Will Be Increasing Its Dividend To $0.955,86,2023-04-24 03:04:21
28,Oneok (OKE) Declares $0.96 Dividend,86,2023-04-22 19:25:54
29,Why Oneok (OKE) is Poised to Beat Earnings Estimates Again,86,2023-04-21 09:10:04
30,Raymond James Maintains Oneok (OKE) Outperform Recommendation,86,2023-04-21 08:37:52
31,Oneok (OKE) Gets a Buy from Raymond James,86,2023-04-21 00:27:00
32,ONEOK Declares Quarterly Dividend,86,2023-04-20 13:15:00
34,ONEOK declares $0.955 dividend,86,2023-04-19 23:39:00
35,RBC Capital Maintains ONEOK (OKE) Sector Perform Recommendation,86,2023-04-18 16:20:38
36,Barclays Maintains ONEOK (OKE) Equal-Weight Recommendation,86,2023-04-18 16:20:34
38,Oneok price target raised to $75 from $74 at RBC Capital,86,2023-04-17 23:09:00
39,Oneok price target lowered to $70 from $71 at Barclays,86,2023-04-17 22:31:00
40,Oneok Inc. (OKE) Stock Sinks As Market Gains: What You Should Know,86,2023-04-17 15:00:10
42,Oneok Inc. (OKE) Stock Moves -0.27%: What You Should Know,86,2023-04-12 15:15:10
44,ONEOK (OKE) Rides on High Fee-Based Earnings & Midstream Assets,86,2023-04-10 07:45:02
45,Returns On Capital Are Showing Encouraging Signs At ONEOK (NYSE:OKE),86,2023-04-09 07:46:24
47,UBS Maintains ONEOK (OKE) Neutral Recommendation,86,2023-04-06 14:11:40
48,"Analysts Have Conflicting Sentiments on These Industrial Goods Companies: Oneok (OKE), Lumentum Holdings (LITE) and Stem Inc (STEM)",60,2023-04-05 20:31:00
49,Citigroup Upgrades ONEOK (OKE),86,2023-04-04 14:15:00
50,ONEOK to Participate in J.P. Morgan Utilities & Midstream Forum,86,2023-04-04 13:15:00
51,Oneok raised to Buy with Street-high EBITDA forecast at Citi,86,2023-04-04 03:46:00
52,Oneok upgraded to Buy from Neutral at Citi,86,2023-04-03 21:27:00
53,Positive Report for Oneok (OKE) from Citigroup,86,2023-04-03 20:15:00
54,Unusual Call Option Trade in ONEOK (OKE)  Worth $313.27K,86,2023-04-03 14:08:13
55,ONEOK First Quarter 2023 Conference Call and Webcast Scheduled,86,2023-04-03 13:15:00
59,"Taking A Look At ONEOK, Inc.'s (NYSE:OKE) ROE",86,2023-03-26 06:08:26
61,"Oneok (OKE) Loses -13.74% in 4 Weeks, Here's Why a Trend Reversal May be Around the Corner",86,2023-03-24 06:35:01
63,ONEOK Is Benefiting From A Gassier Bakken,86,2023-03-23 15:52:07
64,ONEOK: One Big Caveat To Remember In 2023,86,2023-03-22 20:24:50
67,Better High-Yield Midstream Buy: Plains Or ONEOK?,86,2023-03-20 01:00:00
70,Oneok Inc. (OKE) Gains But Lags Market: What You Should Know,86,2023-03-16 15:00:10
71,OKE Crosses Critical Technical Indicator,60,2023-03-16 03:23:00
73,"Is Oneok (OKE) a Solid Growth Stock? 3 Reasons to Think ""Yes""",86,2023-03-14 09:45:04
74,"Even though ONEOK, Inc.'s (NYSE:OKE) stock is down 5.1% this week, insiders who bought lately made a US$80k profit",57,2023-03-12 05:07:02
75,Oneok (OKE) Gets a Buy from J.P. Morgan,86,2023-03-08 22:05:00
77,Bank of America Securities Remains a Hold on Oneok (OKE),86,2023-03-06 20:45:00
78,"Analysts Offer Insights on Industrial Goods Companies: 3M (MMM), Oneok (OKE) and Union Pacific (UNP)",86,2023-03-06 04:51:00
79,"Analysts Offer Insights on Industrial Goods Companies: Gol Linhas (GOL), Oneok (OKE) and Luminar Technologies (LAZR)",60,2023-03-05 17:03:00
