,headline,final_score,datetime
0,Analog Devices (ADI) Stock Moves -0.58%: What You Should Know,86,2023-05-04 14:45:09
2,Interesting ADI Put And Call Options For June 23rd,60,2023-05-04 03:36:00
3,Analog Devices Inc. stock underperforms Thursday when compared to competitors,90,2023-05-03 20:35:00
5,Analog Devices Inc. stock underperforms Wednesday when compared to competitors,90,2023-05-03 09:34:00
6,Analog Devices Inc. stock outperforms competitors on strong trading day,90,2023-05-02 09:34:00
7,Analog Devices: Faced With Slow Growth And Strong Competition,86,2023-05-02 03:22:36
11,Analog Devices Inc. stock outperforms market on strong trading day,90,2023-05-01 09:34:00
15,Analog Devices (ADI) Outpaces Stock Market Gains: What You Should Know,86,2023-04-28 14:45:09
16,"Analog Devices Inc. stock rises Friday, outperforms market",90,2023-04-28 09:34:00
17,"Analog Devices, Inc. to Report Second Quarter Fiscal Year 2023 Financial Results on Wednesday, May 24, 2023",86,2023-04-27 13:00:00
19,Analog Devices (ADI) Shares Cross 2% Yield Mark,86,2023-04-26 19:36:00
20,Analog Devices (ADI) Stock Moves -0.26%: What You Should Know,86,2023-04-26 14:50:09
21,Analog Devices Inc. stock outperforms competitors despite losses on the day,90,2023-04-26 09:34:00
24,Analog Devices Inc. stock underperforms Tuesday when compared to competitors,90,2023-04-25 09:34:00
25,Texas Instruments: Trying To Keep Analog Devices In The Rearview Mirror,86,2023-04-25 08:05:21
28,Analog Devices Appoints Alan Lee as Chief Technology Officer,86,2023-04-24 10:47:00
29,Analog Devices Names Alan Lee as Chief Technology Officer,86,2023-04-24 07:05:00
30,Analog Devices appoints Alan Lee as CTO,86,2023-04-24 05:49:00
33,Analysts Offer Insights on Technology Companies: Analog Devices (ADI) and Microsoft (MSFT),86,2023-04-22 05:51:00
34,"Analog Devices Inc. stock falls Friday, underperforms market",90,2023-04-21 09:34:00
35,Unusual Put Option Trade in Analog Devices (ADI)  Worth $275.00K,86,2023-04-20 17:48:07
37,Analog Devices (ADI) Dips More Than Broader Markets: What You Should Know,86,2023-04-19 14:50:09
38,"The Zacks Analyst Blog Highlights Analog Devices, Broadcom, Adobe, Asure Software, and MSCI",86,2023-04-19 06:08:01
40,"Analog Devices Inc. stock rises Tuesday, still underperforms market",90,2023-04-18 09:34:00
43,"Analog Devices Inc. stock rises Monday, outperforms market",90,2023-04-17 09:34:00
46,Analog Devices launches commercial paper program to issue up to $2.5B,86,2023-04-17 00:04:00
48,What Makes Analog Devices (ADI) an Attractive Investment?,86,2023-04-16 22:57:27
52,Analog Devices (ADI) Gains But Lags Market: What You Should Know,86,2023-04-13 14:50:09
53,"Analog Devices Inc. stock rises Thursday, still underperforms market",90,2023-04-13 09:34:00
56,Interesting ADI Put And Call Options For June 2nd,60,2023-04-13 04:12:00
57,Investors in Analog Devices (NASDAQ:ADI) have made a solid return of 118% over the past five years,86,2023-04-13 04:00:26
58,"Analog Devices Inc. stock falls Wednesday, underperforms market",90,2023-04-12 09:34:00
59,Garmin's (GRMN) New Cycling Devices to Boost Fitness Prospects,86,2023-04-12 08:17:03
61,"Analog Devices Inc. stock falls Tuesday, underperforms market",90,2023-04-11 09:34:00
62,"The Zacks Analyst Blog Highlights STMicroelectronics, Microchip Technology, Analog Devices and Lam Research",86,2023-04-11 06:22:01
63,Intel leads chips higher as CEO Gelsinger meets with China to discuss industry,55,2023-04-11 04:00:00
68,"Analog Devices, Inc. (NASDAQ:ADI) Is Going Strong But Fundamentals Appear To Be Mixed : Is There A Clear Direction For The Stock?",86,2023-04-09 05:00:36
75,"Shareholders may not want to ignore the US$7.1m worth sales made by Analog Devices, Inc. (NASDAQ:ADI) insiders this past year",86,2023-04-04 04:00:24
77,"The Zacks Analyst Blog Highlights Broadcom, Adobe, Analog Devices, Fortinet and Mettler-Toledo",86,2023-04-04 02:05:09
78,Semiconductors Winners And Losers Heading Into Q2 2023,60,2023-04-03 21:18:57
81,"Analog Devices Inc. stock falls Monday, underperforms market",90,2023-04-03 09:34:00
83,Addicted To Cash Flow? Analog Devices And Texas Instruments Have Your Fix,86,2023-04-02 10:00:00
89,Here's How Much a $1000 Investment in Analog Devices Made 10 Years Ago Would Be Worth Today,86,2023-03-31 05:30:12
93,"Analog Devices Inc. stock rises Thursday, outperforms market",90,2023-03-30 09:34:00
95,Analog Devices: The Less Attention It Gets The Better,86,2023-03-30 06:44:22
96,"Analysts Are Bullish on These Technology Stocks: Analog Devices (ADI), Verint Systems (VRNT)",86,2023-03-29 22:31:00
98,Here's Why Analog Devices (NASDAQ:ADI) Has Caught The Eye Of Investors,86,2023-03-29 04:01:26
103,Analog Devices Inc. stock underperforms Monday when compared to competitors,90,2023-03-27 09:34:00
108,3 Reasons Why Analog Devices (ADI) Is a Great Growth Stock,86,2023-03-24 09:45:04
109,Analog Devices to redeem its outstanding senior notes due 2027,86,2023-03-24 00:00:00
111,Analog Devices Leads Top Chip Stocks; Shares Far Outpace the S&P 500,86,2023-03-23 14:24:26
113,May 5th Options Now Available For Analog Devices (ADI),86,2023-03-23 03:47:00
115,Analog Devices Inc. stock outperforms market despite losses on the day,90,2023-03-22 09:34:00
120,Texas Instruments' (TXN) Latest Move Boosts Analog Offerings,86,2023-03-21 07:59:02
121,"Analog Devices Inc. stock rises Monday, still underperforms market",90,2023-03-20 09:34:00
123,"Why Analog Devices, Inc. (NASDAQ:ADI) Could Be Worth Watching",86,2023-03-20 04:00:26
124,First Week of ADI April 21st Options Trading,60,2023-03-20 02:58:00
126,Why Is Analog Devices (ADI) Down 3.7% Since Last Earnings Report?,86,2023-03-17 08:30:03
128,"Noteworthy Thursday Option Activity: ADI, NOC, DXCM",60,2023-03-16 05:47:00
129,"With 88% institutional ownership, Analog Devices, Inc. (NASDAQ:ADI) is a favorite amongst the big guns",86,2023-03-16 04:00:23
131,"Zacks Industry Outlook Highlights Analog Devices, Microchip Technology and Silicon Laboratories",86,2023-03-15 05:49:12
137,Analog Devices Inc. stock underperforms Tuesday when compared to competitors despite daily gains,90,2023-03-14 09:34:00
145,Analog Devices Accelerates Sustainability with Intelligent Solutions at embedded world 2023,86,2023-03-10 05:00:00
146,"Analog Devices, Inc. (NASDAQ:ADI) Is Up But Financials Look Inconsistent: Which Way Is The Stock Headed?",86,2023-03-10 03:00:23
149,3 Reasons Why Growth Investors Shouldn't Overlook Analog Devices (ADI),86,2023-03-08 09:45:05
150,ADI vs. MTSI: Which Stock Is the Better Value Option?,60,2023-03-08 08:40:04
151,Are Computer and Technology Stocks Lagging  Analog Devices (ADI) This Year?,86,2023-03-08 06:40:02
152,Envision Energy Leverages MEMS Sensor Technology by Analog Devices to Build Smarter and Safer Wind Turbines,86,2023-03-08 05:00:00
157,"The Zacks Analyst Blog Highlights Analog Devices, Estee Lauder, Aon, Synopsys and Parker-Hannifin",86,2023-03-06 03:44:11
