,headline,final_score,datetime
0,Should Value Investors Buy AmerisourceBergen (ABC) Stock?,86,2023-05-05 06:40:01
2,3 Reasons Growth Investors Will Love AmerisourceBergen (ABC),86,2023-05-04 09:45:04
3,ABC June 23rd Options Begin Trading,60,2023-05-04 02:54:00
4,AmerisourceBergen Corp. stock outperforms market despite losses on the day,90,2023-05-03 20:34:00
5,Barclays Maintains AmerisourceBergen (ABC) Overweight Recommendation,86,2023-05-03 18:32:48
6,Mizuho Maintains AmerisourceBergen (ABC) Neutral Recommendation,86,2023-05-03 18:32:46
7,Credit Suisse Maintains AmerisourceBergen (ABC) Outperform Recommendation,86,2023-05-03 18:32:46
8,TD Cowen Maintains AmerisourceBergen (ABC) Outperform Recommendation,86,2023-05-03 18:32:44
9,Citigroup Maintains AmerisourceBergen (ABC) Buy Recommendation,86,2023-05-03 18:32:44
10,Is AmerisourceBergen (ABC) Outperforming Other Medical Stocks This Year?,86,2023-05-03 06:40:01
11,AmerisourceBergen price target raised to $182 from $174 at Deutsche Bank,86,2023-05-03 02:17:00
13,AmerisourceBergen price target raised to $187 from $174 at TD Cowen,86,2023-05-02 23:21:00
14,AmerisourceBergen price target raised to $174 from $170 at Mizuho,86,2023-05-02 22:50:00
15,Barclays Keeps Their Buy Rating on AmerisourceBergen (ABC),86,2023-05-02 21:55:00
16,AmerisourceBergen price target raised to $189 from $182 at Barclays,86,2023-05-02 21:44:00
17,"AmerisourceBergen Corp. stock falls Wednesday, underperforms market",90,2023-05-02 20:34:00
18,"Analysts` Opinions Are Mixed on These Healthcare Stocks: AmerisourceBergen (ABC), Zimmer Biomet Holdings (ZBH) and SAGE Therapeutics (SAGE)",86,2023-05-02 20:31:00
19,Q2 2023 Amerisourcebergen Corp Earnings Call,90,2023-05-02 19:58:30
20,"AmerisourceBergen (ABC) Beats on Q2 Earnings, Ups '23 EPS View",86,2023-05-02 12:14:07
21,AmerisourceBergen Corp. stock outperforms market on strong trading day,90,2023-05-02 09:33:00
22,AmerisourceBergen raises profit forecast on demand for pricier specialty drugs,86,2023-05-02 05:13:37
23,AmerisourceBergen Corporation (ABC) Q2 2023 Earnings Call Transcript,90,2023-05-02 05:00:06
24,AmerisourceBergen (ABC) Beats Q2 Earnings and Revenue Estimates,86,2023-05-02 04:55:11
25,AmerisourceBergen Reports Fiscal 2023 Second Quarter Results,86,2023-05-02 03:30:00
26,AmerisourceBergen hails strong position despite half-year income fall,86,2023-05-02 02:16:00
27,AmerisourceBergen declares $0.485 dividend,86,2023-05-02 01:11:00
29,AmerisourceBergen stock pops premarket after earnings blow past estimates,86,2023-05-02 00:06:00
30,AmerisourceBergen Boosts Earnings Outlook for 2023,86,2023-05-01 23:56:00
31,"AmerisourceBergen 2Q Revenue, Earnings Top Expectations",86,2023-05-01 23:52:00
32,AmerisourceBergen: Fiscal Q2 Earnings Snapshot,86,2023-05-01 23:48:00
33,AmerisourceBergen beats Q1 top and bottom line estimates; updates FY23 outlook,86,2023-05-01 22:38:00
34,AmerisourceBergen raises FY23 EPS view to $11.70-$11.90 from $11.50-$11.75,86,2023-05-01 22:32:00
35,"AmerisourceBergen reports Q2 adjusted EPS $3.50, consensus $3.29",86,2023-05-01 22:30:00
36,AmerisourceBergen Corp. stock outperforms competitors despite losses on the day,90,2023-05-01 09:33:00
39,AmerisourceBergen (ABC) to Post Q2 Earnings: What's in Store?,86,2023-04-26 07:41:02
40,AmerisourceBergen Corp. stock outperforms competitors on strong trading day,90,2023-04-25 09:33:00
42,AmerisourceBergen Stock Joins Elite Group Of Top Performers,86,2023-04-24 12:46:00
43,AmerisourceBergen Launches New Platform To Boost Patient Support Services,86,2023-04-24 12:26:19
44,"AmerisourceBergen Corp. stock rises Monday, outperforms market",90,2023-04-24 09:33:00
45,AmerisourceBergen Launches Cell and Gene Therapy Innovation Hub,86,2023-04-24 05:54:00
46,AmerisourceBergen Corp. stock underperforms Friday when compared to competitors despite daily gains,90,2023-04-21 09:33:00
47,AmerisourceBergen's (ABC) New JV to Boost Oncology Care,86,2023-04-21 08:28:03
48,"Analysts Offer Insights on Healthcare Companies: AmerisourceBergen (ABC), Biogen (BIIB) and Elevance Health (ELV)",86,2023-04-21 00:11:00
49,"Analysts Are Bullish on These Healthcare Stocks: AmerisourceBergen (ABC), Biogen (BIIB)",86,2023-04-21 00:01:00
50,"Analysts` Top Healthcare Picks: AmerisourceBergen (ABC), IVERIC bio (ISEE)",86,2023-04-20 21:31:00
51,"Analysts Are Bullish on These Healthcare Stocks: AmerisourceBergen (ABC), Eli Lilly & Co (LLY)",86,2023-04-20 20:31:00
52,"AmerisourceBergen, TPG To Acquire OneOncology From General Atlantic For $2.1B",86,2023-04-20 12:17:06
53,"TPG, AmerisourceBergen to buy OneOncology in $2.1 billion deal",86,2023-04-20 08:44:08
54,"IN BRIEF: AmerisourceBergen, TPG to buy OneOncology for USD2.1 billion",86,2023-04-20 08:27:00
55,"UPDATE 2-TPG, AmerisourceBergen to buy OneOncology in $2.1 bln deal",86,2023-04-20 05:59:12
56,"AmerisourceBergen, TPG to buy OneOncology in deal valued at $2.1 bln",86,2023-04-20 05:38:51
57,TPG and AmerisourceBergen to Acquire Leading Specialty Practice Network OneOncology From General Atlantic,86,2023-04-20 05:30:00
59,"TPG, AmerisourceBergen to OneOncology in a deal that values the oncology practices network at $2.1 billion",86,2023-04-20 01:43:00
60,"TPG, AmerisourceBergen acquiring OneOncology for $2.1B",86,2023-04-20 01:38:00
61,"TPG, AmerisourceBergen to acquire OneOncology in $2.1B transaction",86,2023-04-20 00:34:00
62,Reasons to Retain AmerisourceBergen (ABC) in Your Portfolio,86,2023-04-19 08:12:03
63,"AmerisourceBergen Corp. stock rises Tuesday, still underperforms market",90,2023-04-18 09:33:00
64,"AmerisourceBergen Corp. stock rises Monday, still underperforms market",90,2023-04-17 09:33:00
65,SVB Securities Reaffirms Their Buy Rating on Abcam (ABCM),60,2023-04-16 18:25:00
67,"AmerisourceBergen Corp. stock rises Thursday, still underperforms market",90,2023-04-13 09:33:00
68,Interesting ABC Put And Call Options For June 2nd,60,2023-04-13 03:29:00
69,AmerisourceBergen Takes Over #226 Spot From Horton,86,2023-04-12 20:44:00
71,January 2024 Options Now Available For AmerisourceBergen (ABC),86,2023-04-10 02:59:00
73,"AmerisourceBergen Corp. stock falls Thursday, underperforms market",90,2023-04-06 09:33:00
74,"Lunaphore and Abcam Announce Agreement for Primary Antibody Validation for Use on COMET™, Combining Power of Trusted Antibody Provider With Superior Multiplex Capabilities",60,2023-04-06 04:04:00
75,"AmerisourceBergen Corp. stock rises Wednesday, outperforms market",90,2023-04-05 09:33:00
76,Citigroup Initiates Coverage of AmerisourceBergen (ABC) with Buy Recommendation,86,2023-03-31 15:35:39
77,"AmerisourceBergen Corp. stock rises Friday, still underperforms market",90,2023-03-31 09:33:00
78,AmerisourceBergen Corporation (ABC) Rose 23% in Q4,90,2023-03-31 03:38:07
80,AmerisourceBergen initiated with a Buy at Citi,86,2023-03-30 22:48:00
82,AmerisourceBergen Announces Date and Time for Second Quarter Fiscal 2023 Earnings Release,86,2023-03-29 13:30:00
83,"AmerisourceBergen Corp. stock rises Wednesday, still underperforms market",90,2023-03-29 09:33:00
86,Sen. Duckworth calls on FTC to investigate AmerisourceBergen over abortion pill,86,2023-03-27 05:16:00
87,"AmerisourceBergen Corp. stock rises Friday, outperforms market",90,2023-03-24 09:33:00
88,AmerisourceBergen Corporation (NYSE:ABC) Shares Could Be 33% Below Their Intrinsic Value Estimate,90,2023-03-23 09:57:42
89,Interesting ABC Put And Call Options For May 5th,60,2023-03-23 02:58:00
90,AmerisourceBergen Corp. stock underperforms Thursday when compared to competitors,90,2023-03-22 20:34:00
91,AmerisourceBergen (ABC) Dips More Than Broader Markets: What You Should Know,86,2023-03-22 15:15:10
92,"AmerisourceBergen Corp. stock rises Tuesday, outperforms market",90,2023-03-21 09:33:00
94,"AmerisourceBergen Corp. stock falls Friday, still outperforms market",90,2023-03-17 09:33:00
98,AmerisourceBergen Corp. stock underperforms Monday when compared to competitors,90,2023-03-13 09:33:00
99,"Abcam to Report Full Year Results on Monday, March 20, 2023",60,2023-03-10 00:00:00
100,AmerisourceBergen (ABC) Stock Moves -1.22%: What You Should Know,86,2023-03-09 15:15:11
101,AmerisourceBergen Corp. stock underperforms Wednesday when compared to competitors,90,2023-03-08 08:32:00
102,AmerisourceBergen (ABC) Shares Cross Below 200 DMA,86,2023-03-08 02:25:00
103,"AmerisourceBergen Corp. stock falls Tuesday, underperforms market",90,2023-03-07 08:32:00
104,AmerisourceBergen: A Strong Addition To Any Portfolio,86,2023-03-07 00:30:40
