,headline,final_score,datetime
3,"Executive Recruiter Sues Morgan Stanley, Alleging Racial Bias",90,2023-05-04 13:44:00
8,"Morgan Stanley`s Preferred Stock, Series A Shares Cross 7% Yield Mark",90,2023-05-03 18:16:00
9,"Morgan Stanley stock falls Wednesday, underperforms market",90,2023-05-03 10:12:00
10,Morgan Stanley (MS) to Cut Jobs in IB Division Amid Slowdown,90,2023-05-03 05:20:12
11,Morgan Stanley in Talks to Resolve US Block-Trading Probes,90,2023-05-03 05:19:44
12,Morgan Stanley's Jim Lacamp: We are steam rolling to recession,90,2023-05-03 05:08:22
17,Morgan Stanley in talks with U.S. authorities to resolve block trading probe,90,2023-05-02 23:37:00
21,Morgan Stanley (NYSE:MS) in Talks to Resolve Block Trading Regulatory Probes,90,2023-05-02 18:46:00
22,Morgan Stanley in talks to resolve probes into block trading practices - filing,90,2023-05-02 15:21:21
23,Morgan Stanley in talks to resolve block trading probes,90,2023-05-02 14:55:08
24,"Morgan Stanley stock falls Tuesday, underperforms market",90,2023-05-02 10:11:00
25,"Morgan Stanley to Cut 3,000 More Jobs. There Are Fewer Deals to Be Made.",90,2023-05-02 09:24:00
26,Here is What to Know Beyond Why Morgan Stanley (MS) is a Trending Stock,90,2023-05-02 06:00:01
31,Morgan Stanley Layoffs 2023: What to Know About the Latest MS Job Cuts,90,2023-05-02 01:51:00
32,"Wall Street is cutting more jobs as Morgan Stanley plans 3,000 layoffs",90,2023-05-02 01:31:43
34,Morgan Stanley reportedly plans to lay off thousands more,90,2023-05-01 23:06:00
35,"Morgan Stanley in talks with regulators on block trading probe, Bloomberg says",90,2023-05-01 22:02:00
37,Morgan Stanley to slash 5% of jobs as dealmaking suffers - reports,90,2023-05-01 20:02:00
38,"Morgan Stanley (NYSE:MS) to Axe Another 3,000 Jobs",90,2023-05-01 18:58:00
39,Unusual Call Option Trade in Morgan Stanley (MS)  Worth $516.00K,90,2023-05-01 17:45:03
41,"Morgan Stanley plans 3,000 more job cuts amid dealmaking drought",90,2023-05-01 17:21:00
42,"Morgan Stanley plans to cut another 3,000 jobs",90,2023-05-01 16:34:28
43,PRESS: Morgan Stanley plans more job cuts - US media,90,2023-05-01 16:08:00
44,"Morgan Stanley to cut 3,000 jobs in second quarter - source",90,2023-05-01 16:01:43
45,"UPDATE 2-Morgan Stanley to cut 3,000 jobs in second quarter - source",90,2023-05-01 15:07:46
46,"Morgan Stanley stock falls Monday, underperforms market",90,2023-05-01 10:10:00
47,Morgan Stanley Capital Partners Acquires RowCal,90,2023-05-01 05:00:00
48,Morgan Stanley Capital Partners Acquires Allstar Services,90,2023-05-01 05:00:00
50,Morgan Stanley Capital Partners acquires HOA management services firm RowCal,90,2023-05-01 02:47:00
51,"Morgan Stanley Capital Partners acquires Allstar Services, terms undisclosed",90,2023-05-01 00:05:00
53,"Morgan Stanley preparing 3,000 more layoffs, Bloomberg reports",90,2023-04-30 21:54:00
59,"Morgan Stanley stock rises Friday, still underperforms market",90,2023-04-28 10:11:00
62,"Morgan Stanley stock rises Thursday, outperforms market",90,2023-04-27 10:12:00
65,Morgan Stanley (NYSE:MS) Q1 2023 Earnings Call Transcript,90,2023-04-26 22:06:46
68,Morgan Stanley Schedules Quarterly Investor Conference Call,90,2023-04-26 13:30:00
69,Morgan Stanley stock outperforms market on strong trading day,90,2023-04-26 10:11:00
73,Morgan Stanley stock underperforms Tuesday when compared to competitors,90,2023-04-25 10:11:00
74,UBS/Morgan Stanley: Credit Suisse should help Ermotti close the gap,90,2023-04-25 09:53:28
76,Morgan Stanley at Work and Pave Announce API Integration to Bring Real-Time Compensation Benchmarking and Planning to Shareworks platform,60,2023-04-25 07:00:00
77,Morgan Stanley Wealth Management Pulse Survey Reveals Investor Views Cool Amid Continued Monetary Tightening,90,2023-04-24 13:05:00
83,"Notable Monday Option Activity: MS, LMND, CLX",60,2023-04-23 19:24:00
85,"Morgan Stanley stock rises Friday, outperforms market",90,2023-04-21 10:11:00
89,"Analysts` Opinions Are Mixed on These Financial Stocks: Mid-America Apartment (MAA), Morgan Stanley (MS) and Synchrony Financial (SYF)",60,2023-04-21 01:51:00
93,Morgan Stanley (MS) Declares $0.78 Dividend,90,2023-04-20 15:09:52
94,"Morgan Stanley stock falls Thursday, still outperforms market",90,2023-04-20 10:11:00
95,Citigroup Maintains Morgan Stanley (MS) Neutral Recommendation,90,2023-04-20 09:02:59
96,Oppenheimer Maintains Morgan Stanley (MS) Outperform Recommendation,90,2023-04-20 09:02:57
97,BMO Capital Maintains Morgan Stanley (MS) Outperform Recommendation,90,2023-04-20 09:02:55
100,Morgan Stanley`s (NYSE:MS) Investment Banking Business Remains Subdued,90,2023-04-20 04:47:00
101,Morgan Stanley price target lowered to $104 from $108 at BMO Capital,90,2023-04-20 01:33:00
105,Morgan Stanley Commentary,90,2023-04-19 23:37:00
106,"Analysts` Opinions Are Mixed on These Financial Stocks: Discover Financial Services (DFS), Morgan Stanley (MS) and Prologis (PLD)",60,2023-04-19 22:22:00
107,Morgan Stanley price target lowered to $95 from $100 at Citi,90,2023-04-19 21:49:00
108,Barclays Remains a Buy on Morgan Stanley (MS),90,2023-04-19 19:16:00
110,CFRA Reiterates Morgan Stanley (MS) Strong Buy Recommendation,90,2023-04-19 17:36:11
112,"Wall Street’s Deal-Making Lull Crimps Earnings at Morgan Stanley, Goldman",90,2023-04-19 13:35:00
114,Morgan Stanley chief warns investment banking may not recover until next year,90,2023-04-19 13:12:51
115,Morgan Stanley tops earnings estimates as CEO outlines banking sector forecast,90,2023-04-19 12:46:56
117,Diversification can’t save Goldman and Morgan Stanley from the deal drought,90,2023-04-19 12:01:00
118,"Morgan Stanley, Goldman See More Deal Making Ahead. Here’s the Catch.",90,2023-04-19 11:32:00
119,Morgan Stanley beats estimates as wealth management shines,90,2023-04-19 11:14:58
121,Morgan Stanley: time to rethink that wealth manager premium,90,2023-04-19 10:43:51
123,Morgan Stanley stock outperforms competitors on strong trading day,90,2023-04-19 10:11:00
125,"Raking in Client Assets, Morgan Stanley Marches Toward $10 Trillion Goal",90,2023-04-19 09:45:00
127,"Morgan Stanley beats estimates as wealth management shines, but shares slip",90,2023-04-19 09:13:12
131,Morgan Stanley's dealmaking CEO Gorman signals more purchases to come,90,2023-04-19 07:21:45
132,Morgan Stanley's dealmaking CEO Gorman signals more transactions to come,90,2023-04-19 07:12:05
133,Morgan Stanley stock slides despite Q1 earnings beat,90,2023-04-19 06:52:05
134,Morgan Stanley (MS) Q1 Earnings: Taking a Look at Key Metrics Versus Estimates,90,2023-04-19 06:30:01
135,Morgan Stanley stock declines despite Q1 earnings beat,90,2023-04-19 06:28:37
136,"Morgan Stanley (MS) Q1 Earnings Beat on Higher NII, Stock Down",90,2023-04-19 06:25:01
137,"Morgan Stanley: Last Of Big Banks To Report, Third Of Big Banks In Performance",90,2023-04-19 05:26:18
138,Morgan Stanley (MS) Q1 2023 Earnings Call Transcript,90,2023-04-19 05:11:06
143,"Analysts Offer Insights on Financial Companies: Morgan Stanley (MS), Travelers Companies (TRV) and VICI Properties (VICI)",60,2023-04-19 04:40:00
144,Morgan Stanley first-quarter profit falls as mega deals dry up ,90,2023-04-19 04:32:30
146,"U.S. stocks open lower as investors receive results from IBM, Morgan Stanley and more",90,2023-04-19 03:47:00
149,Morgan Stanley`s stock falls despite target-topping earnings as bank builds up provision for credit losses,90,2023-04-19 02:28:00
150,Jefferies Sticks to Its Buy Rating for Morgan Stanley (MS),90,2023-04-19 02:25:00
152,"U.S. stocks trade lower as traders eye earnings from Morgan Stanley, IBM",90,2023-04-19 02:06:00
154,"U.S. stocks open lower as investors digest results from IBM, Morgan Stanley and more",90,2023-04-19 01:35:00
156,Morgan Stanley Slides As Credit Loss Provisions Surge Due To Commercial Real Estate Exposure,90,2023-04-19 01:10:00
157,TOP NEWS: Morgan Stanley revenue falls on less deal-making,90,2023-04-19 01:06:00
158,Morgan Stanley investment bank slides in brutal first quarter for deals,90,2023-04-19 01:05:00
159,Morgan Stanley CEO sees potentially two more rate increases this year,90,2023-04-19 01:02:00
162,Morgan Stanley’s stock falls despite target-topping earnings as bank builds up provision for credit losses,90,2023-04-19 00:52:00
163,Morgan Stanley sees FY23 tax rate about 23%,90,2023-04-19 00:50:00
164,Morgan Stanley: Q1 Earnings Snapshot,90,2023-04-19 00:38:00
165,Morgan Stanley expects markets to remain `choppy` for next several months,90,2023-04-19 00:37:00
166,"Morgan Stanley CEO: Not in banking crisis, but may be `crisis among some banks`",90,2023-04-19 00:35:00
167,Morgan Stanley CEO: Banking issues `not remotely comparable to 2008`,90,2023-04-19 00:34:00
168,"CEO Gorman Q1:  `eventful` for industry, `not so eventful` for Morgan Stanley",90,2023-04-19 00:34:00
169,Morgan Stanley First Quarter 2023 Earnings Results,90,2023-04-19 00:30:00
170,Morgan Stanley stock fluctuates as Q1 earnings beat on strong trading revenue,90,2023-04-19 00:18:00
171,Morgan Stanley Q1 earnings beat as trading revenue jumps,90,2023-04-19 00:12:00
172,Morgan Stanley Down Even as Q1 Results Surpass Estimates,90,2023-04-19 00:00:00
173,Morgan Stanley reports Q1 provision for credit losses $234M vs $87M in Q4,90,2023-04-18 23:56:00
174,Morgan Stanley stock falls despite earnings beat,90,2023-04-18 23:53:00
175,"Analysts Conflicted on These Financial Names: Morgan Stanley (MS), Travelers Companies (TRV) and Synchrony Financial (SYF)",60,2023-04-18 23:40:00
176,Morgan Stanley declares $0.775 dividend,90,2023-04-18 23:38:00
177,"Morgan Stanley reports Q1 EPS $1.70, consensus $1.62",90,2023-04-18 23:38:00
178,"Morgan Stanley GAAP EPS of $1.70 beats by $0.05, revenue of $14.52B beats by $570M",90,2023-04-18 23:32:00
179,"S&P 500, Nasdaq end flat as investors weigh Beige Book, mixed earnings from Morgan Stanley, Netflix",90,2023-04-18 22:01:00
180,"These Stocks Are Moving the Most Today: Morgan Stanley, Western Alliance, CDW, Rivian, Bed Bath, Tesla, and More",90,2023-04-18 21:34:00
181,Morgan Stanley Reports Earnings Wednesday. Here’s What Could Weigh on Results.,90,2023-04-18 13:30:00
182,Morgan Stanley Stock Flashes Improved Technical Strength,90,2023-04-18 10:15:00
186,Village Savings and Agriculture Insurance Wins the 2023 Kellogg-Morgan Stanley Sustainable Investing Challenge,90,2023-04-17 11:24:00
187,Morgan Stanley Earnings Likely Tumbled on Falling Investment Banking Revenue,90,2023-04-17 11:19:56
203,JPMorgan Shows `Too Big to Fail` Banks Are Set to Outperform,55,2023-04-14 18:05:00
