,headline,final_score,datetime
0,"Walmart keeps grocery prices steady amid inflation, antitrust claims",86,2023-05-05 09:00:19
1,"Bunk beds sold by Walmart, Home Depot, Amazon and others recalled over faulty slats",86,2023-05-05 04:30:00
4,Walmart Inc. stock underperforms Thursday when compared to competitors despite daily gains,60,2023-05-04 10:33:00
10,"Why the Kroger Merger Should Scare Amazon, Walmart, and Target",86,2023-05-03 15:07:00
11,40 Best Things To Buy at Walmart and Target,86,2023-05-03 11:00:04
12,Walmart Inc. stock underperforms Wednesday when compared to competitors,90,2023-05-03 10:33:00
14,Dividend Corner: Is Walmart a good dividend stock pick amid recessionary fears?,86,2023-05-03 03:18:00
15,Walmart (WMT) Stock Moves -0.27%: What You Should Know,86,2023-05-02 14:45:09
16,Walmart Takes a Big Step Toward Fixing a Huge Customer Pain Point,86,2023-05-02 11:26:00
17,"Walmart Inc. stock falls Tuesday, still outperforms market",90,2023-05-02 10:32:00
23,10 Secret Ways To Save Money With Walmart’s Hidden Clearance,86,2023-05-01 16:00:14
24,"Walmart Inc. stock rises Monday, outperforms market",90,2023-05-01 10:32:00
25,Why Walmart (WMT) is Poised to Beat Earnings Estimates Again,86,2023-05-01 09:10:04
29,Broker Darlings of the Dow: Walmart Ranks As a Top 15 Analyst Pick,86,2023-05-01 03:51:00
30,Video: Dow Analyst Moves: WMT,60,2023-05-01 03:50:00
36,Best Dividend Stock to Buy Now: Walmart vs. Lowe's vs. Nordstrom,86,2023-04-30 07:46:00
37,"Energizer, Walmart sued for conspiring to raise battery prices, Reuters reports",86,2023-04-30 02:14:00
41,"Energizer, Walmart sued for conspiring to raise battery prices",86,2023-04-29 12:18:09
42,"UPDATE 1-Energizer, Walmart sued for conspiring to raise battery prices",86,2023-04-29 12:18:06
43,"Energizer, Walmart are sued for conspiring to raise battery prices",86,2023-04-29 09:21:12
44,Is It Worth Considering Walmart Inc. (NYSE:WMT) For Its Upcoming Dividend?,90,2023-04-29 05:09:45
49,"Walmart Inc. stock falls Friday, underperforms market",90,2023-04-28 10:32:00
50,"Kroger, Walmart Have An Inflation Problem (It's Not What You Think)",86,2023-04-28 09:42:00
51,TSCDY or WMT: Which Is the Better Value Stock Right Now?,60,2023-04-28 08:40:03
53,Investors Heavily Search Walmart Inc. (WMT): Here is What You Need to Know,90,2023-04-28 06:00:01
57,Walmart’s Chicago Store Closures Weren’t a Fluke: Why Retailing in Cities Is So Hard,86,2023-04-27 22:00:00
60,"Noteworthy Friday Option Activity: WMT, ADUS, UWMC",60,2023-04-27 19:21:00
61,Walmart Deal Will Bring Back MoviePass Service (Really),86,2023-04-27 14:09:00
62,"Walmart Inc. stock rises Thursday, still underperforms market",90,2023-04-27 10:33:00
64,"Where will Bed Bath & Beyond customers go next? Amazon, Target and Walmart look like winners.",57,2023-04-27 05:27:00
65,8 Items at Dollar Tree That Cost Way More at Walmart,86,2023-04-27 04:00:50
68,Truist Securities Maintains Walmart (WMT) Hold Recommendation,86,2023-04-26 17:00:00
69,"Walmart in Mexico sees net profit rise in first quarter, yet trails competitors",86,2023-04-26 16:11:42
70,Walmart (WMT) Dips More Than Broader Markets: What You Should Know,86,2023-04-26 14:45:09
71,"UPDATE 2-Walmart in Mexico sees net profit rise in first quarter, yet trails competitors",86,2023-04-26 14:34:25
72,"Walmart using AI to negotiate cost, purchase terms with vendors in shorter timeframe: report",57,2023-04-26 11:55:44
73,"Kroger, Walmart and Target Have a Big Customer Problem",86,2023-04-26 08:39:00
74,Walmart Health Expands into Oklahoma with Four New Health Centers in 2024,86,2023-04-26 07:33:00
75,"Infosys, Walmart Commerce Technologies partner for omni-channel solutions",86,2023-04-26 03:01:00
76,Walmart Health expands into Oklahoma with four health centers,86,2023-04-26 02:35:00
77,Walmart price target raised to $159 from $146 at Truist,86,2023-04-26 01:56:00
83,"Walmart Is Giving Away 20,000 One-Year Plus Memberships For Mother’s Day — Here’s How to Enter",57,2023-04-25 11:01:01
85,Walmart Inc. stock outperforms market despite losses on the day,90,2023-04-25 10:32:00
86,9 Best Clothing Deals at Walmart This Summer,86,2023-04-25 09:47:25
87,"Walmart vs. Dollar Tree: Which Has the Better Prices, Selection, Quality & Return Policy?",86,2023-04-25 07:50:20
88,Keybanc Maintains Walmart (WMT) Overweight Recommendation,86,2023-04-25 06:47:15
94,"The Zacks Analyst Blog Highlights Walmart, Chevron, Danaher, Intel and Lowe's",86,2023-04-25 02:00:09
96,Walmart price target raised to $175 from $170 at KeyBanc,86,2023-04-24 22:12:00
97,Walmart management to meet with Truist,86,2023-04-24 20:55:00
102,"Top Analyst Reports for Walmart, Chevron & Danaher",86,2023-04-24 10:32:05
103,Walmart Inc. stock outperforms market on strong trading day,90,2023-04-24 10:32:00
107,Walmart's New Beauty Shop Offers 'Clean' Products for Under $10,86,2023-04-24 09:00:14
109,See: Here's Where Your Online Walmart Orders Are Really Coming From,86,2023-04-24 08:00:00
110,"Walmart Owned Indian Fintech PhonePe Eyes App Store, Compete With Google Play In Dominated Region",57,2023-04-24 07:33:57
112,Walmart Launches Month Long Walmart+ Giveaway to Celebrate New Moms in time for Mother’s Day,57,2023-04-24 06:00:00
113,Why a Walmart Popcorn Partnership Won`t Save AMC Stock,86,2023-04-24 05:48:00
115,"AMC set to expand its branded popcorn sales to 2,600 Walmart stores",86,2023-04-24 01:47:00
117,"Bed Bath & Beyond Chapter 11 positive for Target, Walmart, says Piper Sandler",86,2023-04-24 00:39:00
121,Walmart: Primed To Surpass Its Own Recession Performance In The Next Downturn,86,2023-04-23 22:19:39
122,Analysts Offer Insights on Consumer Goods Companies: Walmart (WMT) and Allbirds (BIRD),86,2023-04-23 21:51:00
124,Walmart: Buy The Market Amidst Recession,86,2023-04-23 21:00:46
133,Q1 2023 PPG Industries Inc Earnings Call,86,2023-04-21 20:06:20
138,Walmart Inc. stock underperforms Friday when compared to competitors despite daily gains,90,2023-04-21 10:32:00
139,Walmart Is Poised for a Historic Upside Breakout: Trade It This Way,86,2023-04-21 08:37:00
140,Walmart offloads second e-fashion brand in days with focus on margins,86,2023-04-21 08:09:10
144,Walmart unloads another e-commerce property with sale of Eloquii,86,2023-04-21 02:54:00
145,"Walmart sells plus-size clothing brand Eloquii, offloading its third digital brand this year",57,2023-04-21 02:40:01
146,"Walmart selling Eloquii to FullBeauty Brands, CNBC reports",86,2023-04-21 02:00:00
150,"Walmart shareholder meeting to hold votes on workplace safety, China risk",86,2023-04-20 16:22:48
151,"CORRECTED-UPDATE 1-Walmart shareholder meeting to hold votes on workplace safety, China risk",57,2023-04-20 16:01:26
152,Walmart (WMT) Gains As Market Dips: What You Should Know,86,2023-04-20 14:45:09
153,"Walmart shareholder meeting to hold votes on gun violence, China risk ",86,2023-04-20 14:34:16
154,Walmart Releases 2023 Annual Report and Proxy Statement,86,2023-04-20 13:43:00
155,"Walmart Inc. stock rises Thursday, outperforms market",90,2023-04-20 10:32:00
156,IKEA to Take on Walmart and Wayfair With Massive US Expansion,86,2023-04-20 10:24:00
157,TOP NEWS: Walmart annual profit down despite strong increase in sales,86,2023-04-20 10:00:00
158,Earth Week 2023: Walmart Continues Momentum in Journey Toward Regeneration,86,2023-04-20 09:45:00
159,Walmart Has a Plan That Target and Kohl's Fans May Love,86,2023-04-20 05:43:00
160,7 Secret Money Traps at Walmart,86,2023-04-20 04:01:12
161,WMT December 15th Options Begin Trading,60,2023-04-20 03:00:00
162,IKEA plans new U.S. stores in $2.2 billion push to challenge Walmart and Wayfair,86,2023-04-20 02:46:39
163,IKEA plans new U.S. stores in $2.2 bln push to challenge Walmart and Wayfair,86,2023-04-20 02:42:50
166,Walmart Inc. stock underperforms Wednesday when compared to competitors despite daily gains,60,2023-04-19 10:32:00
167,Walmart Leads Defensive-Stock Rally. Can It Continue Higher?,86,2023-04-19 10:13:00
168,Gordon Haskett Upgrades Walmart (WMT),86,2023-04-19 07:41:16
169,8 Ways Walmart Plus Could Save You Money,86,2023-04-19 06:00:34
170,Walmart: 3 Big Takeaways From The Company`s Investor Day,86,2023-04-19 05:09:00
173,Bernstein Reaffirms Their Hold Rating on Walmart (WMT),86,2023-04-19 01:45:00
175,Why Walmart Stock (NYSE:WMT) Remains Highly Attractive for the Long Term,86,2023-04-19 00:25:00
176,Walmart upgraded to Buy at Gordon Haskett as traffic inflects higher,86,2023-04-18 23:21:00
177,Walmart upgraded to Buy from Accumulate at Gordon Haskett,86,2023-04-18 23:17:00
179,Walmart management to meet with KeyBanc,86,2023-04-18 20:55:00
181,Walmart: 3 Big Takeaways From The Company's Investor Day,86,2023-04-18 18:08:19
183,"Walmart Inc. stock rises Tuesday, outperforms market",90,2023-04-18 10:32:00
184,Walmart Debuts Renewable Natural Gas Engine In Partnership With Cummins And Chevron,86,2023-04-18 09:21:48
185,Is Your Walmart Closing? See the List,86,2023-04-18 09:17:00
188,Walmart Stock: Bull vs. Bear,86,2023-04-18 07:07:00
189,Walmart Teams up With Cummins and Chevron to Debut First 15-liter Renewable Natural Gas Engine on the Road in North America,57,2023-04-18 05:15:00
190,6 Walmart Items That Are Cheaper Than the Dollar Store,86,2023-04-18 04:00:09
191,It's Deja Vu All Over Again: Walmart Sues Capital One To End Co-Branded Card Deal,86,2023-04-18 02:40:01
192,See Which Of The Latest 13F Filers Holds Walmart,86,2023-04-18 02:12:00
193,"Walmart Teams With Cummins, Chevron to Put 15-Liter Renewable Natural Gas Engine on Road",86,2023-04-18 01:52:00
194,It`s Deja Vu All Over Again: Walmart Sues Capital One To End Co-Branded Card Deal,86,2023-04-18 01:43:00
195,"Walmart joins Chevron, Cummins to unveil 15-liter RNG engine for trucks",86,2023-04-18 01:32:00
196,Walmart teams with Cummins and Chevron to debut 15L renewable natural gas engine,86,2023-04-18 00:26:00
