,headline,final_score,datetime
0,June 23rd Options Now Available For Conagra Brands (CAG),86,2023-05-04 03:03:00
1,"Conagra Brands Inc. stock falls Thursday, underperforms market",90,2023-05-03 20:44:00
2,"Conagra Brands Inc. stock falls Wednesday, underperforms market",90,2023-05-03 09:42:00
3,CAG Stock Shows Market Leadership With RS Rating Jump,60,2023-05-03 08:29:00
4,"Conagra Brands Inc. stock rises Tuesday, outperforms market",90,2023-05-02 09:42:00
5,"Conagra Brands Inc. stock rises Monday, outperforms market",90,2023-05-01 09:42:00
6,"Conagra Brands Inc. stock rises Friday, still underperforms market",90,2023-04-28 09:42:00
7,Conagra Hit a Big Goal Last Year -- Here's What It Could Mean for 2023,86,2023-04-28 06:45:00
9,Wendy's partners with Conagra to sell chili in grocery stores,86,2023-04-27 14:09:24
12,June 9th Options Now Available For Conagra Brands (CAG),86,2023-04-27 02:59:00
16,Only Four Days Left To Cash In On Conagra Brands' (NYSE:CAG) Dividend,86,2023-04-22 05:38:58
17,"Conagra Brands Inc. stock rises Friday, outperforms market",90,2023-04-21 09:42:00
18,Why Conagra Brands (CAG) is a Top Value Stock for the Long-Term,86,2023-04-21 06:40:01
19,"Conagra Brands Inc. stock rises Thursday, outperforms market",90,2023-04-20 09:42:00
20,"An Intrinsic Calculation For Conagra Brands, Inc. (NYSE:CAG) Suggests It's 33% Undervalued",86,2023-04-20 03:57:32
21,December 15th Options Now Available For Conagra Brands (CAG),86,2023-04-20 02:59:00
23,"Conagra Brands Inc. stock rises Wednesday, outperforms market",90,2023-04-19 09:42:00
26,"Conagra in No Rush to Address $500 Million Bond Maturity, CFO Says",86,2023-04-18 10:55:24
27,"Conagra Brands Inc. stock falls Tuesday, underperforms market",90,2023-04-18 09:42:00
28,Stifel Reiterates ConAgra Foods (CAG) Hold Recommendation,86,2023-04-14 16:32:04
29,"Conagra Brands Inc. stock falls Friday, underperforms market",90,2023-04-14 09:42:00
31,ConAgra Foods (CAG) Declares $0.33 Dividend,86,2023-04-13 14:19:55
32,Interesting CAG Put And Call Options For June 2nd,60,2023-04-13 03:38:00
34,Conagra Brands resumed with a Hold at Stifel,86,2023-04-12 20:15:00
37,CONAGRA BRANDS ANNOUNCES QUARTERLY DIVIDEND PAYMENT,86,2023-04-12 04:30:00
40,ConAgra Brands declares $0.33 dividend,86,2023-04-11 23:39:00
42,"Conagra Brands Inc. stock falls Monday, underperforms market",90,2023-04-10 09:42:00
43,Conagra Brands (CAG) is Attracting Investor Attention: Here is What You Should Know,86,2023-04-10 06:00:01
44,Barclays Sticks to Its Buy Rating for Conagra Brands (CAG),86,2023-04-09 20:05:00
46,RBC Capital Sticks to Its Hold Rating for Conagra Brands (CAG),86,2023-04-07 01:46:00
47,Morgan Stanley Maintains ConAgra Foods (CAG) Overweight Recommendation,86,2023-04-06 21:51:37
48,"Conagra Brands, Inc. (NYSE:CAG) Q3 2023 Earnings Call Transcript",86,2023-04-06 21:19:52
49,UBS Maintains ConAgra Foods (CAG) Buy Recommendation,86,2023-04-06 15:35:57
50,"Conagra Brands Inc. stock rises Thursday, still underperforms market",90,2023-04-06 09:42:00
51,May 26th Options Now Available For Conagra Brands (CAG),86,2023-04-06 05:10:00
52,Conagra Brands price target raised to $38 from $35 at Deutsche Bank,86,2023-04-06 02:09:00
53,Conagra Brands price target raised to $42 from $40 at BofA,86,2023-04-05 23:15:00
54,Bernstein Reaffirms Their Hold Rating on Conagra Brands (CAG),86,2023-04-05 22:35:00
55,"Analysts Conflicted on These Consumer Goods Names: Conagra Brands (CAG), Macy`s (M) and Walmart (WMT)",86,2023-04-05 21:10:00
57,Conagra Brands Profit Jumps on Higher Prices,86,2023-04-05 15:26:29
58,Unusual Put Option Trade in ConAgra Foods (CAG)  Worth $58.45K,86,2023-04-05 14:16:17
59,Conagra Eyes Higher Profit.  America’s Spend on Snacks Is Helping.,86,2023-04-05 10:12:00
61,Conagra Brands Stock Is Food for Thought,86,2023-04-05 09:27:00
62,"FedEx, Conagra rise; Schnitzer Steel, Simply Good Foods fall",86,2023-04-05 09:14:00
64,Conagra lifts profit forecast as price hikes offset demand pressures,86,2023-04-05 08:05:17
65,"ConAgra Brands Q3 Highlights: 5.9% Sales Growth, EPS Beat, Margin Recovery, FY23 EPS Guidance Boost & More",86,2023-04-05 07:33:13
66,"Conagra (CAG) Q3 Earnings Top Estimates, EPS Guidance Raised",86,2023-04-05 07:29:02
67,"Conagra Brands stock rises on Q3 earnings beat, raises 2023 EPS guidance",86,2023-04-05 06:47:50
68,"Conagra Brands, Inc. (CAG) Q3 2023 Earnings Call Transcript",86,2023-04-05 06:39:09
70,Conagra Brands (CAG) Surpasses Q3 Earnings Estimates,86,2023-04-05 05:55:12
71,"Conagra Earnings, Sales Climb as Food Prices Rise",86,2023-04-05 05:53:00
72,UPDATE 4-Conagra lifts profit forecast as price hikes offset demand pressures,86,2023-04-05 04:45:27
73,Conagra Brands lifts 2023 profit forecast on consistent price hikes,86,2023-04-05 04:34:20
74,CONAGRA BRANDS REPORTS THIRD QUARTER RESULTS,86,2023-04-05 04:30:00
75,"Stocks on the move: J&J and Conagra move higher, while Bed Bath and Beyond slides",86,2023-04-05 04:19:00
76,Conagra earnings beat expectations after inflation-driven price increases boost sales,86,2023-04-05 04:13:00
78,"Analysts` Opinions Are Mixed on These Consumer Goods Stocks: Clarus (CLAR), Conagra Brands (CAG) and Costco (COST)",86,2023-04-05 03:40:00
80,"Johnson & Johnson, FedEx and ConAgra Foods rise premarket; UBS falls",86,2023-04-05 01:03:47
81,"Stocks on the move: J&J and Conagra move higher, while Bed Bath and Beyond slides ",86,2023-04-05 00:31:00
82,"ConAgra Brands stock gains on pricing power, raised guidance",86,2023-04-04 23:49:00
83,Birds Eye parent Conagra`s stock up premarket after earnings beat estimates and company raises guidance,86,2023-04-04 23:48:00
84,"ConAgra Brands Non-GAAP EPS of $0.76 beats by $0.12, revenue of $3.09B beats by $10M",86,2023-04-04 23:36:00
85,Conagra Brands narrows FY23 adjusted operating margin view to 15.5%-15.6%,86,2023-04-04 23:36:00
86,"Conagra Brands raises FY23 adjusted EPS view to $2.70-$2.75, consensus $2.68",86,2023-04-04 23:33:00
87,"Conagra Brands reports Q3 adjusted EPS 76c, consensus 64c",86,2023-04-04 23:31:00
88,Conagra Brands CEO: We`ve had 30% cost inflation over the past three years,86,2023-04-04 22:21:00
89,CAG Notches Higher after Earnings Beat,60,2023-04-04 21:04:00
92,"Hot Stocks: WAL drops on financial update; CAG rises on earnings; ALB, SPT fall",60,2023-04-04 18:07:00
93,"Conagra: Upbeat On Earnings, But Long-Term Questions Linger",86,2023-04-04 09:44:58
94,"Private payrolls, services index, Conagra earnings: 3 things to watch",86,2023-04-04 08:50:20
95,ConAgra Brands Q3 2023 Earnings Preview,86,2023-04-04 04:38:00
98,"Analysts Offer Insights on Consumer Goods Companies: Conagra Brands (CAG), Alibaba (BABA) and Natura & Co Holding (NTCO)",86,2023-04-04 00:31:00
99,Factors to Watch as Conagra (CAG) Gears Up for Q3 Earnings,86,2023-04-03 06:03:01
100,Conagra Brands Named to Newsweek's America's Greatest Workplaces for Diversity 2023,86,2023-04-03 04:30:00
101,Analysts Offer Insights on Consumer Goods Companies: Conagra Brands (CAG) and Bassett Furniture (BSET),86,2023-04-03 00:12:00
102,"Conagra to report `solid` Q3 results, though demand is slowing, says RBC Capital",86,2023-04-02 23:34:00
103,"Jobs Data, ConAgra, FedEx, Walmart, and More to Watch This Short Week",86,2023-04-02 12:00:00
105,"Conagra: Expect Another Good Quarter, Sideways Stock",86,2023-04-02 01:42:36
106,"Conagra Stock, Fast-Growing Lamb Weston, Levi Strauss Rally Ahead Of Earnings Reports",86,2023-03-31 07:47:28
107,"Earnings This Week: Constellation Brands, Hilton Food And Enquest",86,2023-03-31 02:19:00
108,Conagra Brands price target lowered to $43 from $45 at UBS,86,2023-03-30 23:11:00
110,Interesting CAG Put Options For May 12th,60,2023-03-30 03:55:00
111,"Conagra Brands Inc. stock rises Wednesday, still underperforms market",90,2023-03-29 09:42:00
112,Conagra Brands (CAG) Earnings Expected to Grow: What to Know Ahead of Next Week's Release,86,2023-03-29 07:00:02
113,Conagra Brands (CAG) Stock Sinks As Market Gains: What You Should Know,86,2023-03-27 14:45:09
114,Conagra Brands (CAG) Is a Trending Stock: Facts to Know Before Betting on It,86,2023-03-27 06:00:01
115,Bernstein Sticks to Their Hold Rating for Conagra Brands (CAG),86,2023-03-27 00:18:00
116,Conagra Brands' (CAG) Pricing Efforts Bode Well Amid Cost Woes,86,2023-03-23 03:48:10
117,Interesting CAG Put And Call Options For May 5th,60,2023-03-23 03:04:00
118,Conagra Brands Inc. stock outperforms market despite losses on the day,90,2023-03-22 09:42:00
121,"Conagra Brands Inc. stock rises Tuesday, still underperforms market",90,2023-03-21 09:42:00
122,Deutsche Bank Upgrades ConAgra Foods (CAG),86,2023-03-20 21:57:58
123,Conagra Brands (CAG) Outpaces Stock Market Gains: What You Should Know,86,2023-03-20 14:45:09
125,Conagra Brands upgraded to Hold from Sell at Deutsche Bank,86,2023-03-19 20:55:00
126,Conagra Brands: Fairly Valued Based On The Dividends,86,2023-03-17 02:04:49
127,Conagra Brands (NYSE:CAG) shareholders have earned a 14% CAGR over the last three years,86,2023-03-16 05:01:23
128,Interesting CAG Put And Call Options For May 19th,60,2023-03-16 03:25:00
129,Conagra Brands (CAG) Gains But Lags Market: What You Should Know,86,2023-03-14 14:45:09
130,Investors Heavily Search Conagra Brands (CAG): Here is What You Need to Know,86,2023-03-14 06:00:01
131,Conagra Brands Issues Fiscal Year 2022 Citizenship Report,86,2023-03-13 04:30:00
132,Conagra Brands releases FY22 Citizenship Report,86,2023-03-12 23:37:00
134,"Conagra Brands Inc. stock falls Friday, still outperforms market",90,2023-03-10 08:42:00
135,April 28th Options Now Available For Conagra Brands (CAG),86,2023-03-08 17:27:00
136,"Conagra Brands: Improved Earnings Outlook, High Yield Make It Attractive",86,2023-03-06 04:50:00
137,"Conagra Brands price target lowered to $40, coverage transferred at BofA",86,2023-03-05 21:55:00
138,Bank of America Securities Sticks to Their Hold Rating for Conagra Brands (CAG),86,2023-03-05 20:35:00
