,headline,final_score,datetime
0,"Kinder Morgan, Inc. (KMI) is Attracting Investor Attention: Here is What You Should Know",90,2023-05-05 06:00:01
4,Interesting KMI Put And Call Options For June 23rd,60,2023-05-04 03:25:00
5,Better Buy: ExxonMobil vs. Kinder Morgan Stock,86,2023-05-04 03:13:00
10,"Kinder Morgan Inc. stock falls Wednesday, underperforms market",86,2023-05-02 21:07:00
11,"Kinder Morgan Inc. stock falls Tuesday, underperforms market",86,2023-05-02 10:05:00
16,"Kinder Morgan Inc. stock falls Monday, underperforms market",86,2023-05-01 10:05:00
20,"Kinder Morgan Inc. stock rises Friday, still underperforms market",86,2023-04-28 10:05:00
24,"Kinder Morgan, Inc. (NYSE:KMI) Q1 2023 Earnings Call Transcript",90,2023-04-26 22:06:52
28,"Kinder Morgan Inc. stock falls Tuesday, still outperforms market",86,2023-04-25 10:05:00
30,"Kinder Morgan Inc. stock rises Monday, outperforms market",86,2023-04-24 10:05:00
31,Kinder Morgan (KMI) Reports Q1 Earnings: What Key Metrics Have to Say,86,2023-04-24 06:30:01
32,"Kinder Morgan, Inc. (KMI) Is a Trending Stock: Facts to Know Before Betting on It",90,2023-04-24 06:00:01
33,5 Reasons Kinder Morgan Stock Is a Screaming Buy,86,2023-04-24 04:15:00
34,Kinder Morgan Will Continue Generating Strong Returns,86,2023-04-24 02:07:43
35,Kinder Morgan (NYSE:KMI) Is Paying Out A Larger Dividend Than Last Year,86,2023-04-23 05:20:17
37,Why Kinder Morgan Can Be a Top Dividend Stock to Hold Forever,86,2023-04-22 05:15:00
40,"Kinder Morgan Inc. stock rises Friday, outperforms market",86,2023-04-21 10:05:00
42,"Analysts Have Conflicting Sentiments on These Industrial Goods Companies: Baker Hughes Company (BKR), Kinder Morgan (KMI) and Atlas Arteria (OtherMAQAF)",57,2023-04-21 01:51:00
43,Analysts Conflicted on These Industrial Goods Names: Kinder Morgan (KMI) and Knight Transportation (KNX),86,2023-04-20 21:32:00
44,Kinder Morgan Inc - Class P (KMI) Declares $0.28 Dividend,86,2023-04-20 17:46:07
47,Kinder Morgan Shows It Has Plenty of Energy to Keep Growing the Dividend,86,2023-04-20 04:15:00
48,Q1 2023 Kinder Morgan Inc Earnings Call,86,2023-04-20 03:17:35
50,Analysts` Opinions Are Mixed on These Industrial Goods Stocks: Kinder Morgan (KMI) and United Airlines Holdings (UAL),86,2023-04-19 22:31:00
51,"Kinder Morgan Inc. stock falls Thursday, underperforms market",86,2023-04-19 21:06:00
52,Kinder Morgan (KMI) Surpasses Q1 Earnings Estimates,86,2023-04-19 14:25:09
53,"Kinder Morgan beats profit estimates on higher natgas, jet fuel volumes",86,2023-04-19 14:15:43
54,"UPDATE 2-Kinder Morgan beats profit estimates on higher natgas, jet fuel volumes",86,2023-04-19 13:21:42
55,Pipeline operator Kinder Morgan beats profit estimates,86,2023-04-19 13:09:30
56,Kinder Morgan Reports First Quarter 2023 Financial Results,86,2023-04-19 13:05:00
57,"Kinder Morgan, Inc. (KMI) Q1 2023 Earnings Call Transcript",90,2023-04-19 10:31:06
58,Kinder Morgan Raises Dividend to 28.25c a Share,86,2023-04-19 09:58:00
60,Kinder Morgan 1Q Net Income Higher Despite Revenue Dip,86,2023-04-19 09:40:00
61,Kinder Morgan: Q1 Earnings Snapshot,86,2023-04-19 09:12:00
62,"Kinder Morgan, Inc. (NYSE:KMI) Shares Could Be 21% Above Their Intrinsic Value Estimate",90,2023-04-19 07:27:13
63,"Kinder Morgan little changed after narrow Q1 beat, 2% dividend hike",86,2023-04-18 22:06:00
64,Kinder Morgan raises dividend by 1.8%,86,2023-04-18 20:21:00
65,"Kinder Morgan Non-GAAP EPS of $0.30 beats by $0.01, revenue of $3.89B misses by $960M",86,2023-04-18 20:10:00
66,"Kinder Morgan backs FY23 EPS view $1.12, consensus $1.10",86,2023-04-18 20:08:00
67,Kinder Morgan raises quarterly dividend 2% to 28.25c per share,86,2023-04-18 20:07:00
68,"Kinder Morgan reports Q1 adjusted EPS 30c, consensus 9c",86,2023-04-18 20:06:00
69,Kinder Morgan options imply 1.8% move in share price post-earnings,86,2023-04-18 18:19:00
70,Barclays Maintains Kinder Morgan (KMI) Equal-Weight Recommendation,86,2023-04-18 16:49:06
73,Kinder Morgan price target lowered to $20 from $21 at Barclays,86,2023-04-17 22:31:00
76,"Kinder Morgan Q1 2023 earnings on deck, what to expect",86,2023-04-17 18:58:00
77,Kinder Morgan Q1 Earnings Preview: What To Watch For,86,2023-04-17 01:30:35
78,"Kinder Morgan: A Short-Term Hold, A Long-Term Buy, Hold For Now",86,2023-04-16 17:50:41
80,"Kinder Morgan Stock: Buy, Sell, or Hold?",86,2023-04-16 04:55:00
85,What's in the Offing for Kinder Morgan's (KMI) Q1 Earnings?,86,2023-04-14 06:36:01
89,Kinder Morgan (KMI) Stock Sinks As Market Gains: What You Should Know,86,2023-04-13 14:50:09
90,KMI June 2nd Options Begin Trading,60,2023-04-13 04:04:00
93,"Kinder Morgan Inc. stock falls Wednesday, still outperforms market",86,2023-04-12 10:04:00
94,Kinder Morgan Announces First Quarter ‘23 Earnings Webcast,86,2023-04-12 05:30:00
97,"Kinder Morgan Inc. stock rises Tuesday, outperforms market",86,2023-04-11 10:04:00
98,"Investors Heavily Search Kinder Morgan, Inc. (KMI): Here is What You Need to Know",90,2023-04-11 06:00:01
99,Kinder Morgan Is Solid Midstream Option,86,2023-04-10 17:49:54
100,Kinder Morgan (KMI) Outpaces Stock Market Gains: What You Should Know,86,2023-04-10 15:00:10
101,Unusual Call Option Trade in Kinder Morgan (KMI)  Worth $102.33K,86,2023-04-10 14:12:15
103,Why Stocks Like Kinder Morgan and Enterprise Products Have Such Attractive Dividend Yields,86,2023-04-07 02:39:00
105,"Kinder Morgan Inc. stock remains steady Thursday, underperforms market",86,2023-04-06 10:05:00
107,Kinder Morgan (KMI) Notifies California Diesel Hubs' Operation,86,2023-04-06 05:21:12
108,Interesting KMI Put And Call Options For May 26th,60,2023-04-06 04:48:00
110,"Kinder Morgan Inc. stock rises Wednesday, outperforms market",86,2023-04-05 10:04:00
112,Kinder Morgan (KMI) Dips More Than Broader Markets: What You Should Know,86,2023-04-04 14:50:09
114,Kinder Morgan Announces Commercial In-Service of Southern and Northern California Renewable Diesel Hub Projects,86,2023-04-03 13:05:00
117,Kinder Morgan announces commercial in-service of CA diesel hub projects,86,2023-04-02 20:08:00
119,Better Buy: Devon Energy vs. Kinder Morgan Stock,86,2023-04-01 05:09:00
121,"Kinder Morgan's Moving in the Right Direction, but Short of This 2020 Dividend Goal",86,2023-03-31 14:22:00
122,Kinder Morgan (NYSE:KMI) Is Doing The Right Things To Multiply Its Share Price,86,2023-03-31 07:53:30
123,"Kinder Morgan Inc. stock rises Thursday, still underperforms market",86,2023-03-30 10:04:00
124,May 12th Options Now Available For Kinder Morgan (KMI),86,2023-03-30 03:14:00
125,"Kinder Morgan Inc. stock rises Wednesday, still underperforms market",86,2023-03-29 10:04:00
130,May 5th Options Now Available For Kinder Morgan,86,2023-03-23 03:27:00
132,Kinder Morgan Inc. stock outperforms market despite losses on the day,86,2023-03-22 10:05:00
137,"Kinder Morgan Inc. stock falls Friday, underperforms market",86,2023-03-17 10:04:00
139,Is Kinder Morgan Stock a Buy?,86,2023-03-17 02:25:00
142,Here's Why Hold Strategy is Apt for Kinder Morgan (KMI) Stock,86,2023-03-16 03:52:10
143,"Kinder Morgan Is Fixing Its Reputation, Buy The Dip",86,2023-03-15 08:03:25
146,Kinder Morgan (KMI) Gains But Lags Market: What You Should Know,86,2023-03-14 14:50:09
147,"Kinder Morgan Inc. stock rises Tuesday, still underperforms market",86,2023-03-14 10:05:00
149,Xage Security selected by Kinder Morgan to Cyber-Harden Critical Infrastructure,86,2023-03-14 06:00:00
150,Kinder Morgan selects Xage Security to cyber-harden critical infrastructure,86,2023-03-14 01:07:00
153,Unusual Call Option Trade in Kinder Morgan (KMI)  Worth $66.00K,86,2023-03-10 12:19:28
154,"If You Invested $10,000 in Kinder Morgan a Decade Ago, This Is How Much You Would Have Today",86,2023-03-10 02:11:00
155,Kinder Morgan Remains Resilient Despite A Turbulent Environment,86,2023-03-09 19:59:17
156,"Kinder Morgan Inc. stock falls Thursday, still outperforms market",86,2023-03-09 09:05:00
157,Interesting KMI Put And Call Options For April 28th,60,2023-03-08 17:25:00
158,Kinder Morgan: Years Of Disappointment Could Finally End After 2023,86,2023-03-08 04:54:46
