,headline,final_score,datetime
2,"Gilead Sciences Inc. stock falls Thursday, underperforms market",86,2023-05-04 09:57:00
3,Gilead Sciences Stock Has Only Done This in 1 of the Past 7 Years,86,2023-05-04 04:50:00
5,Gilead wins EU nod for full approval of hepatitis delta virus therapy,86,2023-05-04 00:26:00
7,GILD June 23rd Options Begin Trading,60,2023-05-03 18:16:00
8,Gilead Sciences Inc. stock outperforms competitors despite losses on the day,86,2023-05-03 09:57:00
9,Gilead Remains Steadfast in Support for Hepatitis C Elimination Efforts,86,2023-05-03 05:20:00
10,"Gilead Versus AbbVie: The Better Bet After Q1, 2023 Earnings",86,2023-05-03 00:00:00
11,Big Pharma Stocks Offer Income and Growth Potential. The Case for Gilead Sciences and Merck.,86,2023-05-02 23:00:00
12,Gilead call volume above normal and directionally bullish,86,2023-05-02 18:45:00
14,Gilead vs. CDC: The $1B Showdown Over HIV Drug Profits,86,2023-05-02 11:08:45
15,"Gilead Sciences Inc. stock falls Tuesday, underperforms market",86,2023-05-02 09:56:00
16,Gilead Sciences battles U.S. government in court over HIV prevention patent,86,2023-05-02 07:46:58
17,Gilead Sciences' (NASDAQ:GILD) Shareholders Will Receive A Bigger Dividend Than Last Year,86,2023-05-02 03:13:43
18,"Gilead, US square off in billion-dollar HIV drug patent trial",86,2023-05-02 02:08:35
19,Analysts Offer Insights on Healthcare Companies: Lineage Therap (LCTX) and Gilead Sciences (GILD),86,2023-05-01 23:51:00
20,Gilead Sciences to Present at Upcoming Investor Conferences,86,2023-05-01 13:05:00
21,Morgan Stanley Maintains Gilead Sciences (GILD) Equal-Weight Recommendation,86,2023-05-01 11:07:37
22,Gilead Sciences Inc. stock underperforms Monday when compared to competitors,86,2023-05-01 09:56:00
23,SVB Securities Remains a Hold on Gilead Sciences (GILD),86,2023-05-01 02:56:00
24,Gilead Sciences: A Mixed First Quarter,86,2023-04-30 22:43:26
25,Gilead Sciences (GILD) Declares $0.75 Dividend,86,2023-04-30 17:54:02
27,"Gilead Sciences (NASDAQ:GILD) sheds 5.0% this week, as yearly returns fall more in line with earnings growth",86,2023-04-29 05:00:31
28,RBC Capital Maintains Gilead Sciences (GILD) Sector Perform Recommendation,86,2023-04-28 17:26:22
29,Gilead Sciences (GILD) Q1 2023 Earnings Call Transcript,86,2023-04-28 12:34:03
30,"Gilead's (GILD) Q1 Earnings Miss, Veklury Sales Plunge",86,2023-04-28 10:07:05
31,"Gilead Sciences Inc. stock falls Friday, underperforms market",86,2023-04-28 09:56:00
32,Why Gilead Sciences Stock Is Falling Today,86,2023-04-28 09:29:03
33,Gilead`s hepatitis B therapy Vemlidy gets EMA nod for use in kids above 6,86,2023-04-28 03:44:00
34,"Video: Nasdaq 100 Movers: GILD, INTC",60,2023-04-28 02:29:00
36,Jefferies Sticks to Their Buy Rating for Gilead Sciences (GILD),86,2023-04-28 00:25:00
37,Gilead assumed with an Overweight at Piper Sandler,86,2023-04-27 23:02:00
38,"Analysts` Opinions Are Mixed on These Healthcare Stocks: Gilead Sciences (GILD), Encompass Health (EHC) and PROCEPT BioRobotics (PRCT)",86,2023-04-27 22:50:00
39,"Analysts Conflicted on These Healthcare Names: Edwards Lifesciences (EW), Gilead Sciences (GILD) and Revance Therapeutics (RVNC)",86,2023-04-27 20:32:00
40,Gilead Sciences (GILD) Q1 Earnings and Revenues Lag Estimates,86,2023-04-27 14:45:09
41,"Gilead Sciences, Inc. (GILD) Q1 2023 Earnings Call Transcript",90,2023-04-27 13:57:06
42,Gilead Stock Dives As Light Profit Hamstrings Strong Cancer Drug Sales,86,2023-04-27 13:49:49
43,Gilead profit misses Wall Street expectations as COVID drug sales decline,86,2023-04-27 13:37:07
44,UPDATE 1-Gilead profit misses Wall Street expectations as COVID drug sales decline,86,2023-04-27 13:30:38
45,Gilead Sciences Announces First Quarter 2023 Financial Results,86,2023-04-27 13:02:00
47,Gilead reduces earnings guidance as first quarter sales fall 2%,86,2023-04-27 10:16:00
48,"Gilead Sciences, Inc. 2023 Q1 - Results - Earnings Call Presentation",90,2023-04-27 09:54:12
49,Gilead: Q1 Earnings Snapshot,68,2023-04-27 09:35:00
50,"Gilead shares fall after mixed results, as weaker COVID-19 drug remand weighs",86,2023-04-27 09:31:00
51,"Gilead Sciences 1Q Adjusted Earnings Decline on Lower Revenue, Higher Expenses",86,2023-04-27 09:30:00
52,"Gilead Earnings Fall Short, Stock Tumbles",86,2023-04-27 09:05:00
54,Better Buy: Pfizer vs. Gilead,68,2023-04-27 02:30:00
55,Gilead Sciences (GILD) Gets a Buy from Mizuho Securities,86,2023-04-26 20:55:00
56,Gilead slips after cutting 2023 earnings guidance,86,2023-04-26 20:54:00
57,Gilead Sciences beats revenue estimates but misses profit consensus,86,2023-04-26 20:08:00
58,"Gilead backs FY23 adjusted EPS view $6.60-$7.00, consensus $6.84",86,2023-04-26 20:04:00
59,Gilead reports Q1 Biktarvy sales up 24% y/y,86,2023-04-26 20:03:00
60,"Gilead Sciences reports Q1 adjusted EPS $1.37, consensus $1.54",86,2023-04-26 20:03:00
61,Gilead options imply 3.8% move in share price post-earnings,86,2023-04-26 18:49:00
64,Gilead Sciences Inc. stock underperforms Wednesday when compared to competitors,86,2023-04-26 09:56:00
66,Gilead set to continue revenue beat streak with Q1 results,86,2023-04-26 03:01:00
68,RBC Capital Reiterates Gilead Sciences (GILD) Sector Perform Recommendation,86,2023-04-25 11:28:14
70,Gilead Sciences Inc. stock underperforms Tuesday when compared to competitors,86,2023-04-25 09:56:00
73,Robert W. Baird Reaffirms Their Hold Rating on Gilead Sciences (GILD),86,2023-04-25 05:25:00
75,"Analysts Conflicted on These Healthcare Names: Gilead Sciences (GILD), Legend Biotech (LEGN) and GE Healthcare Technologies Inc (GEHC)",86,2023-04-25 04:31:00
76,Gilead Sciences Q1 2023 Earnings Preview - Keeping The Faith,86,2023-04-25 04:22:48
78,Gilead Sciences Releases Inaugural ESG Impact Report,86,2023-04-24 14:05:00
79,Gilead Sciences Inc. stock underperforms Monday when compared to competitors despite daily gains,86,2023-04-24 09:56:00
82,Unusual Call Option Trade in Gilead Sciences (GILD)  Worth $140.52K,86,2023-04-21 15:37:44
83,Gilead Sciences Inc. stock outperforms market on strong trading day,86,2023-04-21 09:56:00
84,Will HIV and Oncology Propel Gilead's (GILD) Q1 Earnings?,86,2023-04-21 09:55:04
88,"Gilead Sciences Now #76 Largest Company, Surpassing Elevance Health",86,2023-04-20 20:44:00
89,"Notable Friday Option Activity: GILD, SAVA, SONO",60,2023-04-20 20:18:00
90,Gilead Sciences Inc. stock outperforms competitors on strong trading day,86,2023-04-20 09:56:00
91,Gilead Sciences (GILD) Expected to Beat Earnings Estimates: What to Know Ahead of Q1 Release,86,2023-04-20 07:03:02
92,"Get Income On Gilead Stock, Or Buy It At A Discount With This Option Trade",86,2023-04-20 07:00:58
93,"Final Trades: Gilead, Vertex, Wynn & more",86,2023-04-20 06:36:25
95,Gilead Sciences Inc. stock underperforms Wednesday when compared to competitors despite daily gains,86,2023-04-19 09:56:00
96,Will Gilead (GILD) Beat Estimates Again in Its Next Earnings Report?,86,2023-04-19 09:10:04
97,Gilead Sciences: Breaking Down Barriers To Access in HIV and Beyond: A Perspective,86,2023-04-19 05:55:00
98,Gilead Sciences (GILD) Outpaces Stock Market Gains: What You Should Know,86,2023-04-18 15:00:10
101,Gilead Sciences (NASDAQ:GILD) Has A Pretty Healthy Balance Sheet,86,2023-04-18 06:00:15
103,"Gilead Sciences Inc. stock rises Tuesday, outperforms market",86,2023-04-17 20:57:00
106,"Gilead announces results from several COVID-19 clinical, real-world studies",86,2023-04-16 00:56:00
109,"Gilead Sciences to Release First Quarter 2023 Financial Results on Thursday, April 27, 2023",86,2023-04-13 13:05:00
110,"Gilead Sciences, Inc. (NASDAQ:GILD) is a favorite amongst institutional investors who own 84%",90,2023-04-13 04:00:30
111,Gilead Sciences (GILD) Dips More Than Broader Markets: What You Should Know,86,2023-04-12 15:00:10
112,"Gilead Sciences Inc. stock falls Wednesday, underperforms market",86,2023-04-12 09:56:00
113,Gilead Sciences: 4 Questions: Global Experts Convene To Identify Key Measures to Long-Term Success in HIV,86,2023-04-12 05:25:00
115,Could Gilead Sciences Stock Help You Become a Millionaire?,86,2023-04-12 02:31:00
116,"Gilead Sciences Now Barely A Hold, Market Looks Uninspired (Rating Downgrade)",86,2023-04-12 02:07:03
117,Gilead price target raised to $85 from $81 at Morgan Stanley,86,2023-04-11 23:42:00
122,Gilead Sciences: Patience,89,2023-04-10 10:38:08
123,"Gilead Sciences Inc. stock falls Monday, underperforms market",86,2023-04-10 09:56:00
124,"If You Invested $10,000 in Gilead Sciences in 2013, This Is How Much You Would Have Today",86,2023-04-10 06:15:00
127,"Is Gilead Sciences, Inc. (NASDAQ:GILD) Trading At A 49% Discount?",90,2023-04-09 07:00:12
130,RBC Capital Sticks to Its Hold Rating for Gilead Sciences (GILD),86,2023-04-07 01:46:00
131,Gilead Sciences Inc. stock underperforms Thursday when compared to competitors,86,2023-04-06 09:56:00
132,6 Reasons to Buy Gilead Sciences Stock,86,2023-04-06 05:15:00
135,"Gilead Sciences Inc. stock rises Wednesday, outperforms market",86,2023-04-05 09:56:00
136,Gilead Sciences: Overcoming COVID-19 in Early 2020: Keith’s Story,86,2023-04-05 05:30:00
138,Gilead said to be in late-stage trials for oral COVID therapy,86,2023-04-05 01:33:00
139,Gilead Sciences: Overcoming COVID-19 in Early 2020: Keith`s Story,86,2023-04-05 00:31:00
140,GILD - Chart Of The Week,90,2023-04-04 21:36:00
142,"Gilead details promising early COVID antiviral data, setting up larger studies",86,2023-04-04 15:22:07
143,Gilead Sciences (GILD) Gains But Lags Market: What You Should Know,86,2023-04-03 14:50:09
144,"Gilead Sciences Inc. stock rises Monday, still underperforms market",86,2023-04-03 09:56:00
147,"Is Gilead Sciences, Inc.'s (NASDAQ:GILD) 22% ROE Strong Compared To Its Industry?",90,2023-04-02 04:00:29
148,"Gilead Sciences Inc. stock rises Friday, outperforms market",86,2023-03-31 09:57:00
150,"Gilead Sciences Inc. stock rises Thursday, still underperforms market",86,2023-03-30 09:56:00
152,Gilead Sciences: Don't Be Scared Post Run-Up,86,2023-03-30 04:18:55
154,Gilead Sciences: Don`t Be Scared Post Run-Up,86,2023-03-30 03:22:00
157,"Gilead Sciences Inc. stock rises Wednesday, still underperforms market",86,2023-03-29 09:56:00
158,Gilead Sciences Announces $3 Million in Grant Funding to Eight Organizations Addressing HIV Disparities in Rural U.S. Communities,86,2023-03-29 07:35:00
159,"Investors more bullish on Gilead Sciences (NASDAQ:GILD) this week as stock climbs 4.1%, despite earnings trending downwards over past year",86,2023-03-29 05:00:38
160,Gilead Sciences (GILD) Gains As Market Dips: What You Should Know,86,2023-03-28 14:50:09
161,Gilead Sciences Could Retreat Further From Here,86,2023-03-27 06:25:00
163,NuCana falls 36% after setback for patent dispute in EU for Gilead`s antiviral,86,2023-03-27 02:02:00
169,"Final Trades: Bunge, Hershey, Gilead & more",86,2023-03-24 06:42:29
170,"Biotech Stock Roundup: ALT Obesity Data, GILD Exercises Option, INCY Drug Approval",60,2023-03-23 10:51:05
171,"Gilead Sciences Inc. stock rises Thursday, outperforms market",86,2023-03-23 09:56:00
172,Pionyr Immunotherapeutics and Gilead Change Exclusive Option Agreement,86,2023-03-22 23:30:00
173,Gilead waives rights to acquire immune-oncology biotech Pionyr,86,2023-03-22 23:10:00
174,"Gilead, Pionyr Immunotherapeutics change 2020 exclusive option agreements",86,2023-03-22 22:34:00
175,Analysts Offer Insights on Healthcare Companies: Gilead Sciences (GILD) and Akero Therapeutics (AKRO),86,2023-03-22 20:50:00
176,Gilead (GILD) Announces OS Data on Yescarta From ZUMA-7 Study,86,2023-03-22 11:38:06
