,United_States,United_States,United_States,United_States
,CPI,M3YD,Y10YD,URATE
date,,,,
1947-01-01,21.48,,,
1947-02-01,21.62,,,
1947-03-01,22.0,,,
1947-04-01,22.0,,,
1947-05-01,21.95,,,
1947-06-01,22.08,,,
1947-07-01,22.23,,,
1947-08-01,22.4,,,
1947-09-01,22.84,,,
1947-10-01,22.91,,,
1947-11-01,23.06,,,
1947-12-01,23.41,,,
1948-01-01,23.68,,,3.4
1948-02-01,23.67,,,3.8
1948-03-01,23.5,,,4.0
1948-04-01,23.82,,,3.9
1948-05-01,24.01,,,3.5
1948-06-01,24.15,,,3.6
1948-07-01,24.4,,,3.6
1948-08-01,24.43,,,3.9
1948-09-01,24.36,,,3.8
1948-10-01,24.31,,,3.7
1948-11-01,24.16,,,3.8
1948-12-01,24.05,,,4.0
1949-01-01,24.01,,,4.3
1949-02-01,23.91,,,4.7
1949-03-01,23.91,,,5.0
1949-04-01,23.92,,,5.3
1949-05-01,23.91,,,6.1
1949-06-01,23.92,,,6.2
1949-07-01,23.7,,,6.7
1949-08-01,23.7,,,6.8
1949-09-01,23.75,,,6.6
1949-10-01,23.67,,,7.9
1949-11-01,23.7,,,6.4
1949-12-01,23.61,,,6.6
1950-01-01,23.51,,,6.5
1950-02-01,23.61,,,6.4
1950-03-01,23.64,,,6.3
1950-04-01,23.65,,,5.8
1950-05-01,23.77,,,5.5
1950-06-01,23.88,,,5.4
1950-07-01,24.07,,,5.0
1950-08-01,24.2,,,4.5
1950-09-01,24.34,,,4.4
1950-10-01,24.5,,,4.2
1950-11-01,24.6,,,4.2
1950-12-01,24.98,,,4.3
1951-01-01,25.38,,,3.7
1951-02-01,25.83,,,3.4
1951-03-01,25.88,,,3.4
1951-04-01,25.92,,,3.1
1951-05-01,25.99,,,3.0
1951-06-01,25.93,,,3.2
1951-07-01,25.91,,,3.1
1951-08-01,25.86,,,3.1
1951-09-01,26.03,,,3.3
1951-10-01,26.16,,,3.5
1951-11-01,26.32,,,3.5
1951-12-01,26.47,,,3.1
1952-01-01,26.45,,,3.2
1952-02-01,26.41,,,3.1
1952-03-01,26.39,,,2.9
1952-04-01,26.46,,,2.9
1952-05-01,26.47,,,3.0
1952-06-01,26.53,,,3.0
1952-07-01,26.68,,,3.2
1952-08-01,26.69,,,3.4
1952-09-01,26.63,,,3.1
1952-10-01,26.69,,,3.0
1952-11-01,26.69,,,2.8
1952-12-01,26.71,,,2.7
1953-01-01,26.64,,,2.9
1953-02-01,26.59,,,2.6
1953-03-01,26.63,,,2.6
1953-04-01,26.69,,2.83,2.7
1953-05-01,26.7,,3.05,2.5
1953-06-01,26.77,,3.11,2.5
1953-07-01,26.79,,2.93,2.6
1953-08-01,26.85,,2.95,2.7
1953-09-01,26.89,,2.87,2.9
1953-10-01,26.95,,2.66,3.1
1953-11-01,26.85,,2.68,3.5
1953-12-01,26.87,,2.59,4.5
1954-01-01,26.94,,2.48,4.9
1954-02-01,26.99,,2.47,5.2
1954-03-01,26.93,,2.37,5.7
1954-04-01,26.86,,2.29,5.9
1954-05-01,26.93,,2.37,5.9
1954-06-01,26.94,,2.38,5.6
1954-07-01,26.86,,2.3,5.8
1954-08-01,26.85,,2.36,6.0
1954-09-01,26.81,,2.38,6.1
1954-10-01,26.72,,2.43,5.7
1954-11-01,26.78,,2.48,5.3
1954-12-01,26.77,,2.51,5.0
1955-01-01,26.77,,2.61,4.9
1955-02-01,26.82,,2.65,4.7
1955-03-01,26.79,,2.68,4.6
1955-04-01,26.79,,2.75,4.7
1955-05-01,26.77,,2.76,4.3
1955-06-01,26.71,,2.78,4.2
1955-07-01,26.76,,2.9,4.0
1955-08-01,26.72,,2.97,4.2
1955-09-01,26.85,,2.97,4.1
1955-10-01,26.82,,2.88,4.3
1955-11-01,26.88,,2.89,4.2
1955-12-01,26.87,,2.96,4.2
1956-01-01,26.83,,2.9,4.0
1956-02-01,26.86,,2.84,3.9
1956-03-01,26.89,,2.96,4.2
1956-04-01,26.93,,3.18,4.0
1956-05-01,27.03,,3.07,4.3
1956-06-01,27.15,,3.0,4.3
1956-07-01,27.29,,3.11,4.4
1956-08-01,27.31,,3.33,4.1
1956-09-01,27.35,,3.38,3.9
1956-10-01,27.51,,3.34,3.9
1956-11-01,27.51,,3.49,4.3
1956-12-01,27.63,,3.59,4.2
1957-01-01,27.67,,3.46,4.2
1957-02-01,27.8,,3.34,3.9
1957-03-01,27.86,,3.41,3.7
1957-04-01,27.93,,3.48,3.9
1957-05-01,28.0,,3.6,4.1
1957-06-01,28.11,,3.8,4.3
1957-07-01,28.19,,3.93,4.2
1957-08-01,28.28,,3.93,4.1
1957-09-01,28.32,,3.92,4.4
1957-10-01,28.32,,3.97,4.5
1957-11-01,28.41,,3.72,5.1
1957-12-01,28.47,,3.21,5.2
1958-01-01,28.64,,3.09,5.8
1958-02-01,28.7,,3.05,6.4
1958-03-01,28.87,,2.98,6.7
1958-04-01,28.94,,2.88,7.4
1958-05-01,28.94,,2.92,7.4
1958-06-01,28.91,,2.97,7.3
1958-07-01,28.89,,3.2,7.5
1958-08-01,28.94,,3.54,7.4
1958-09-01,28.91,,3.76,7.1
1958-10-01,28.91,,3.8,6.7
1958-11-01,28.95,,3.74,6.2
1958-12-01,28.97,,3.86,6.2
1959-01-01,29.01,,4.02,6.0
1959-02-01,29.0,,3.96,5.9
1959-03-01,28.97,,3.99,5.6
1959-04-01,28.98,,4.12,5.2
1959-05-01,29.04,,4.31,5.1
1959-06-01,29.11,,4.34,5.0
1959-07-01,29.15,,4.4,5.1
1959-08-01,29.18,,4.43,5.2
1959-09-01,29.25,,4.68,5.5
1959-10-01,29.35,,4.53,5.7
1959-11-01,29.35,,4.53,5.8
1959-12-01,29.41,,4.69,5.3
1960-01-01,29.37,,4.72,5.2
1960-02-01,29.41,,4.49,4.8
1960-03-01,29.41,,4.25,5.4
1960-04-01,29.54,,4.28,5.2
1960-05-01,29.57,,4.35,5.1
1960-06-01,29.61,,4.15,5.4
1960-07-01,29.55,,3.9,5.5
1960-08-01,29.61,,3.8,5.6
1960-09-01,29.61,,3.8,5.5
1960-10-01,29.75,,3.89,6.1
1960-11-01,29.78,,3.93,6.1
1960-12-01,29.81,,3.84,6.6
1961-01-01,29.84,,3.84,6.6
1961-02-01,29.84,,3.78,6.9
1961-03-01,29.84,,3.74,6.9
1961-04-01,29.81,,3.78,7.0
1961-05-01,29.84,,3.71,7.1
1961-06-01,29.84,,3.88,6.9
1961-07-01,29.92,,3.92,7.0
1961-08-01,29.94,,4.04,6.6
1961-09-01,29.98,,3.98,6.7
1961-10-01,29.98,,3.92,6.5
1961-11-01,29.98,,3.94,6.1
1961-12-01,30.01,,4.06,6.0
1962-01-01,30.04,,4.08,5.8
1962-02-01,30.11,,4.04,5.5
1962-03-01,30.17,,3.93,5.6
1962-04-01,30.21,,3.84,5.6
1962-05-01,30.24,,3.87,5.5
1962-06-01,30.21,,3.91,5.5
1962-07-01,30.22,,4.01,5.4
1962-08-01,30.28,,3.98,5.7
1962-09-01,30.42,,3.98,5.6
1962-10-01,30.38,,3.93,5.4
1962-11-01,30.38,,3.92,5.7
1962-12-01,30.38,,3.86,5.5
1963-01-01,30.44,,3.83,5.7
1963-02-01,30.48,,3.92,5.9
1963-03-01,30.51,,3.93,5.7
1963-04-01,30.48,,3.97,5.7
1963-05-01,30.51,,3.93,5.9
1963-06-01,30.61,,3.99,5.6
1963-07-01,30.69,,4.02,5.6
1963-08-01,30.75,,4.0,5.4
1963-09-01,30.72,,4.08,5.5
1963-10-01,30.75,,4.11,5.5
1963-11-01,30.78,,4.12,5.7
1963-12-01,30.88,,4.13,5.5
1964-01-01,30.94,,4.17,5.6
1964-02-01,30.91,,4.15,5.4
1964-03-01,30.94,,4.22,5.4
1964-04-01,30.95,,4.23,5.3
1964-05-01,30.98,,4.2,5.1
1964-06-01,31.01,,4.17,5.2
1964-07-01,31.02,,4.19,4.9
1964-08-01,31.05,,4.19,5.0
1964-09-01,31.08,,4.2,5.1
1964-10-01,31.12,,4.19,5.1
1964-11-01,31.21,,4.15,4.8
1964-12-01,31.25,,4.18,5.0
1965-01-01,31.28,,4.19,4.9
1965-02-01,31.28,,4.21,5.1
1965-03-01,31.31,,4.21,4.7
1965-04-01,31.38,,4.2,4.8
1965-05-01,31.48,,4.21,4.6
1965-06-01,31.61,,4.21,4.6
1965-07-01,31.58,,4.2,4.4
1965-08-01,31.55,,4.25,4.4
1965-09-01,31.62,,4.29,4.3
1965-10-01,31.65,,4.35,4.2
1965-11-01,31.75,,4.45,4.1
1965-12-01,31.85,,4.62,4.0
1966-01-01,31.88,,4.61,4.0
1966-02-01,32.08,,4.83,3.8
1966-03-01,32.18,,4.87,3.8
1966-04-01,32.28,,4.75,3.8
1966-05-01,32.35,,4.78,3.9
1966-06-01,32.38,,4.81,3.8
1966-07-01,32.45,,5.02,3.8
1966-08-01,32.65,,5.22,3.8
1966-09-01,32.75,,5.18,3.7
1966-10-01,32.85,,5.01,3.7
1966-11-01,32.88,,5.16,3.6
1966-12-01,32.92,,4.84,3.8
1967-01-01,32.9,,4.58,3.9
1967-02-01,33.0,,4.63,3.8
1967-03-01,33.0,,4.54,3.8
1967-04-01,33.1,,4.59,3.8
1967-05-01,33.1,,4.85,3.8
1967-06-01,33.3,,5.02,3.9
1967-07-01,33.4,,5.16,3.8
1967-08-01,33.5,,5.28,3.8
1967-09-01,33.6,,5.3,3.8
1967-10-01,33.7,,5.48,4.0
1967-11-01,33.9,,5.75,3.9
1967-12-01,34.0,,5.7,3.8
1968-01-01,34.1,,5.53,3.7
1968-02-01,34.2,,5.56,3.8
1968-03-01,34.3,,5.74,3.7
1968-04-01,34.4,,5.64,3.5
1968-05-01,34.5,,5.87,3.5
1968-06-01,34.7,,5.72,3.7
1968-07-01,34.9,,5.5,3.7
1968-08-01,35.0,,5.42,3.5
1968-09-01,35.1,,5.46,3.4
1968-10-01,35.3,,5.58,3.4
1968-11-01,35.4,,5.7,3.4
1968-12-01,35.6,,6.03,3.4
1969-01-01,35.7,,6.04,3.4
1969-02-01,35.8,,6.19,3.4
1969-03-01,36.1,,6.3,3.4
1969-04-01,36.3,,6.17,3.4
1969-05-01,36.4,,6.32,3.4
1969-06-01,36.6,,6.57,3.5
1969-07-01,36.8,,6.72,3.5
1969-08-01,36.9,,6.69,3.5
1969-09-01,37.1,,7.16,3.7
1969-10-01,37.3,,7.1,3.7
1969-11-01,37.5,,7.14,3.5
1969-12-01,37.7,,7.65,3.5
1970-01-01,37.9,,7.79,3.9
1970-02-01,38.1,,7.24,4.2
1970-03-01,38.3,,7.07,4.4
1970-04-01,38.5,,7.39,4.6
1970-05-01,38.6,,7.91,4.8
1970-06-01,38.8,,7.84,4.9
1970-07-01,38.9,,7.46,5.0
1970-08-01,39.0,,7.53,5.1
1970-09-01,39.2,,7.39,5.4
1970-10-01,39.4,,7.33,5.5
1970-11-01,39.6,,6.84,5.9
1970-12-01,39.8,,6.39,6.1
1971-01-01,39.9,,6.24,5.9
1971-02-01,39.9,,6.11,5.9
1971-03-01,40.0,,5.7,6.0
1971-04-01,40.1,,5.83,5.9
1971-05-01,40.3,,6.39,5.9
1971-06-01,40.5,,6.52,5.9
1971-07-01,40.6,,6.73,6.0
1971-08-01,40.7,,6.58,6.1
1971-09-01,40.8,,6.14,6.0
1971-10-01,40.9,,5.93,5.8
1971-11-01,41.0,,5.81,6.0
1971-12-01,41.1,,5.93,6.0
1972-01-01,41.2,,5.95,5.8
1972-02-01,41.4,,6.08,5.7
1972-03-01,41.4,,6.07,5.8
1972-04-01,41.5,,6.19,5.7
1972-05-01,41.6,,6.13,5.7
1972-06-01,41.7,,6.11,5.7
1972-07-01,41.8,,6.11,5.6
1972-08-01,41.9,,6.21,5.6
1972-09-01,42.1,,6.55,5.5
1972-10-01,42.2,,6.48,5.6
1972-11-01,42.4,,6.28,5.3
1972-12-01,42.5,,6.36,5.2
1973-01-01,42.7,,6.46,4.9
1973-02-01,43.0,,6.64,5.0
1973-03-01,43.4,,6.71,4.9
1973-04-01,43.7,,6.67,5.0
1973-05-01,43.9,,6.85,4.9
1973-06-01,44.2,,6.9,4.9
1973-07-01,44.2,,7.13,4.8
1973-08-01,45.0,,7.4,4.8
1973-09-01,45.2,,7.09,4.8
1973-10-01,45.6,,6.79,4.6
1973-11-01,45.9,,6.73,4.8
1973-12-01,46.3,,6.74,4.9
1974-01-01,46.8,,6.99,5.1
1974-02-01,47.3,,6.96,5.2
1974-03-01,47.8,,7.21,5.1
1974-04-01,48.1,,7.51,5.1
1974-05-01,48.6,,7.58,5.1
1974-06-01,49.0,,7.54,5.4
1974-07-01,49.3,,7.81,5.5
1974-08-01,49.9,,8.04,5.5
1974-09-01,50.6,,8.04,5.9
1974-10-01,51.0,,7.9,6.0
1974-11-01,51.5,,7.68,6.6
1974-12-01,51.9,,7.43,7.2
1975-01-01,52.3,,7.5,8.1
1975-02-01,52.6,,7.39,8.1
1975-03-01,52.8,,7.73,8.6
1975-04-01,53.0,,8.23,8.8
1975-05-01,53.1,,8.06,9.0
1975-06-01,53.5,,7.86,8.8
1975-07-01,54.0,,8.06,8.6
1975-08-01,54.2,,8.4,8.4
1975-09-01,54.6,,8.43,8.4
1975-10-01,54.9,,8.14,8.4
1975-11-01,55.3,,8.05,8.3
1975-12-01,55.6,,8.0,8.2
1976-01-01,55.8,,7.74,7.9
1976-02-01,55.9,,7.79,7.7
1976-03-01,56.0,,7.73,7.6
1976-04-01,56.1,,7.56,7.7
1976-05-01,56.4,,7.9,7.4
1976-06-01,56.7,,7.86,7.6
1976-07-01,57.0,,7.83,7.8
1976-08-01,57.3,,7.77,7.8
1976-09-01,57.6,,7.59,7.6
1976-10-01,57.9,,7.41,7.7
1976-11-01,58.1,,7.29,7.8
1976-12-01,58.4,,6.87,7.8
1977-01-01,58.7,,7.21,7.5
1977-02-01,59.3,,7.39,7.6
1977-03-01,59.6,,7.46,7.4
1977-04-01,60.0,,7.37,7.2
1977-05-01,60.2,,7.46,7.0
1977-06-01,60.5,,7.28,7.2
1977-07-01,60.8,,7.33,6.9
1977-08-01,61.1,,7.4,7.0
1977-09-01,61.3,,7.34,6.8
1977-10-01,61.6,,7.52,6.8
1977-11-01,62.0,,7.58,6.8
1977-12-01,62.3,,7.69,6.4
1978-01-01,62.7,,7.96,6.4
1978-02-01,63.0,,8.03,6.3
1978-03-01,63.4,,8.04,6.3
1978-04-01,63.9,,8.15,6.1
1978-05-01,64.5,,8.35,6.0
1978-06-01,65.0,,8.46,5.9
1978-07-01,65.5,,8.64,6.2
1978-08-01,65.9,,8.41,5.9
1978-09-01,66.5,,8.42,6.0
1978-10-01,67.1,,8.64,5.8
1978-11-01,67.5,,8.81,5.9
1978-12-01,67.9,,9.01,6.0
1979-01-01,68.5,,9.1,5.9
1979-02-01,69.2,,9.1,5.9
1979-03-01,69.9,,9.12,5.8
1979-04-01,70.6,,9.18,5.8
1979-05-01,71.4,,9.25,5.6
1979-06-01,72.2,,8.91,5.7
1979-07-01,73.0,,8.95,5.7
1979-08-01,73.7,,9.03,6.0
1979-09-01,74.4,,9.33,5.9
1979-10-01,75.2,,10.3,6.0
1979-11-01,76.0,,10.65,5.9
1979-12-01,76.9,,10.39,6.0
1980-01-01,78.0,,10.8,6.3
1980-02-01,79.0,,12.41,6.3
1980-03-01,80.1,,12.75,6.3
1980-04-01,80.9,,11.47,6.9
1980-05-01,81.7,,10.18,7.5
1980-06-01,82.5,,9.78,7.6
1980-07-01,82.6,,10.25,7.8
1980-08-01,83.2,,11.1,7.7
1980-09-01,83.9,,11.51,7.5
1980-10-01,84.7,,11.75,7.5
1980-11-01,85.6,,12.68,7.5
1980-12-01,86.4,,12.84,7.2
1981-01-01,87.2,,12.57,7.5
1981-02-01,88.0,,13.19,7.4
1981-03-01,88.6,,13.12,7.4
1981-04-01,89.1,,13.68,7.2
1981-05-01,89.7,,14.1,7.5
1981-06-01,90.5,,13.47,7.5
1981-07-01,91.5,,14.28,7.2
1981-08-01,92.2,,14.94,7.4
1981-09-01,93.1,15.61,15.32,7.6
1981-10-01,93.4,14.23,15.15,7.9
1981-11-01,93.8,11.35,13.39,8.3
1981-12-01,94.1,11.32,13.72,8.5
1982-01-01,94.4,12.92,14.59,8.6
1982-02-01,94.7,14.28,14.43,8.9
1982-03-01,94.7,13.31,13.86,9.0
1982-04-01,95.0,13.34,13.87,9.3
1982-05-01,95.9,12.71,13.62,9.4
1982-06-01,97.0,13.08,14.3,9.6
1982-07-01,97.5,11.86,13.95,9.8
1982-08-01,97.7,9.0,13.06,9.8
1982-09-01,97.7,8.19,12.34,10.1
1982-10-01,98.1,7.97,10.91,10.4
1982-11-01,98.0,8.35,10.55,10.8
1982-12-01,97.7,8.2,10.54,10.8
1983-01-01,97.9,8.12,10.46,10.4
1983-02-01,98.0,8.39,10.72,10.4
1983-03-01,98.1,8.66,10.51,10.3
1983-04-01,98.8,8.51,10.4,10.2
1983-05-01,99.2,8.5,10.38,10.1
1983-06-01,99.4,9.14,10.85,10.1
1983-07-01,99.8,9.45,11.38,9.4
1983-08-01,100.1,9.74,11.85,9.5
1983-09-01,100.4,9.36,11.65,9.2
1983-10-01,100.8,8.99,11.54,8.8
1983-11-01,101.1,9.11,11.69,8.5
1983-12-01,101.4,9.36,11.83,8.3
1984-01-01,102.1,9.26,11.67,8.0
1984-02-01,102.6,9.46,11.84,7.8
1984-03-01,102.9,9.89,12.32,7.8
1984-04-01,103.3,10.07,12.63,7.7
1984-05-01,103.5,10.22,13.41,7.4
1984-06-01,103.7,10.26,13.56,7.2
1984-07-01,104.1,10.53,13.36,7.5
1984-08-01,104.4,10.9,12.72,7.5
1984-09-01,104.7,10.8,12.52,7.3
1984-10-01,105.1,10.12,12.16,7.4
1984-11-01,105.3,8.92,11.57,7.2
1984-12-01,105.5,8.34,11.5,7.3
1985-01-01,105.7,8.02,11.38,7.3
1985-02-01,106.3,8.56,11.51,7.2
1985-03-01,106.8,8.83,11.86,7.2
1985-04-01,107.0,8.22,11.43,7.3
1985-05-01,107.2,7.73,10.85,7.2
1985-06-01,107.5,7.18,10.16,7.4
1985-07-01,107.7,7.32,10.31,7.4
1985-08-01,107.9,7.37,10.33,7.1
1985-09-01,108.1,7.33,10.37,7.1
1985-10-01,108.5,7.4,10.24,7.1
1985-11-01,109.0,7.48,9.78,7.0
1985-12-01,109.5,7.33,9.26,7.0
1986-01-01,109.9,7.3,9.19,6.7
1986-02-01,109.7,7.29,8.7,7.2
1986-03-01,109.1,6.76,7.78,7.2
1986-04-01,108.7,6.24,7.3,7.1
1986-05-01,109.0,6.33,7.71,7.2
1986-06-01,109.4,6.4,7.8,7.2
1986-07-01,109.5,6.0,7.3,7.0
1986-08-01,109.6,5.69,7.17,6.9
1986-09-01,110.0,5.35,7.45,7.0
1986-10-01,110.2,5.32,7.43,7.0
1986-11-01,110.4,5.5,7.25,6.9
1986-12-01,110.8,5.68,7.11,6.6
1987-01-01,111.4,5.58,7.08,6.6
1987-02-01,111.8,5.75,7.25,6.6
1987-03-01,112.2,5.77,7.25,6.6
1987-04-01,112.7,5.82,8.02,6.3
1987-05-01,113.0,5.85,8.61,6.3
1987-06-01,113.5,5.85,8.4,6.2
1987-07-01,113.8,5.88,8.45,6.1
1987-08-01,114.3,6.23,8.76,6.0
1987-09-01,114.7,6.62,9.42,5.9
1987-10-01,115.0,6.35,9.52,6.0
1987-11-01,115.4,5.89,8.86,5.8
1987-12-01,115.6,5.96,8.99,5.7
1988-01-01,116.0,6.0,8.67,5.7
1988-02-01,116.2,5.84,8.21,5.7
1988-03-01,116.5,5.87,8.37,5.7
1988-04-01,117.2,6.08,8.72,5.4
1988-05-01,117.5,6.45,9.09,5.6
1988-06-01,118.0,6.66,8.92,5.4
1988-07-01,118.5,6.95,9.06,5.4
1988-08-01,119.0,7.3,9.26,5.6
1988-09-01,119.5,7.48,8.98,5.4
1988-10-01,119.9,7.6,8.8,5.4
1988-11-01,120.3,8.03,8.96,5.3
1988-12-01,120.7,8.35,9.11,5.3
1989-01-01,121.2,8.56,9.09,5.4
1989-02-01,121.6,8.84,9.17,5.2
1989-03-01,122.2,9.14,9.36,5.0
1989-04-01,123.1,8.96,9.18,5.2
1989-05-01,123.7,8.74,8.86,5.2
1989-06-01,124.1,8.43,8.28,5.3
1989-07-01,124.5,8.15,8.02,5.2
1989-08-01,124.5,8.17,8.11,5.2
1989-09-01,124.8,8.01,8.19,5.3
1989-10-01,125.4,7.9,8.01,5.3
1989-11-01,125.9,7.94,7.87,5.4
1989-12-01,126.3,7.88,7.84,5.4
1990-01-01,127.5,7.9,8.21,5.4
1990-02-01,128.0,8.0,8.47,5.3
1990-03-01,128.6,8.17,8.59,5.2
1990-04-01,128.9,8.04,8.79,5.4
1990-05-01,129.1,8.01,8.76,5.4
1990-06-01,129.9,7.99,8.48,5.2
1990-07-01,130.5,7.87,8.47,5.5
1990-08-01,131.6,7.69,8.75,5.7
1990-09-01,132.5,7.6,8.89,5.9
1990-10-01,133.4,7.4,8.72,5.9
1990-11-01,133.7,7.29,8.39,6.2
1990-12-01,134.2,6.95,8.08,6.3
1991-01-01,134.7,6.41,8.09,6.4
1991-02-01,134.8,6.12,7.85,6.6
1991-03-01,134.8,6.09,8.11,6.8
1991-04-01,135.1,5.83,8.04,6.7
1991-05-01,135.6,5.63,8.07,6.9
1991-06-01,136.0,5.75,8.28,6.9
1991-07-01,136.2,5.75,8.27,6.8
1991-08-01,136.6,5.5,7.9,6.9
1991-09-01,137.0,5.37,7.65,6.9
1991-10-01,137.2,5.14,7.53,7.0
1991-11-01,137.8,4.69,7.42,7.0
1991-12-01,138.2,4.18,7.09,7.3
1992-01-01,138.3,3.91,7.03,7.3
1992-02-01,138.6,3.95,7.34,7.4
1992-03-01,139.1,4.14,7.54,7.4
1992-04-01,139.4,3.84,7.48,7.4
1992-05-01,139.7,3.72,7.39,7.6
1992-06-01,140.1,3.75,7.26,7.8
1992-07-01,140.5,3.28,6.84,7.7
1992-08-01,140.8,3.2,6.59,7.6
1992-09-01,141.1,2.97,6.42,7.6
1992-10-01,141.7,2.93,6.59,7.3
1992-11-01,142.1,3.21,6.87,7.4
1992-12-01,142.3,3.29,6.77,7.4
1993-01-01,142.8,3.07,6.6,7.3
1993-02-01,143.1,2.99,6.26,7.1
1993-03-01,143.3,3.01,5.98,7.0
1993-04-01,143.8,2.93,5.97,7.1
1993-05-01,144.2,3.03,6.04,7.1
1993-06-01,144.3,3.14,5.96,7.0
1993-07-01,144.5,3.11,5.81,6.9
1993-08-01,144.8,3.09,5.68,6.8
1993-09-01,145.0,3.01,5.36,6.7
1993-10-01,145.6,3.09,5.33,6.8
1993-11-01,146.0,3.18,5.72,6.6
1993-12-01,146.3,3.13,5.77,6.5
1994-01-01,146.3,3.04,5.75,6.6
1994-02-01,146.7,3.33,5.97,6.6
1994-03-01,147.1,3.59,6.48,6.5
1994-04-01,147.2,3.78,6.97,6.4
1994-05-01,147.5,4.27,7.18,6.1
1994-06-01,147.9,4.25,7.1,6.1
1994-07-01,148.4,4.46,7.3,6.1
1994-08-01,149.0,4.61,7.24,6.0
1994-09-01,149.3,4.75,7.46,5.9
1994-10-01,149.4,5.1,7.74,5.8
1994-11-01,149.8,5.45,7.96,5.6
1994-12-01,150.1,5.76,7.81,5.5
1995-01-01,150.5,5.9,7.78,5.6
1995-02-01,150.9,5.94,7.47,5.4
1995-03-01,151.2,5.91,7.2,5.4
1995-04-01,151.8,5.84,7.06,5.8
1995-05-01,152.1,5.85,6.63,5.6
1995-06-01,152.4,5.64,6.17,5.6
1995-07-01,152.6,5.59,6.28,5.7
1995-08-01,152.9,5.57,6.49,5.7
1995-09-01,153.1,5.43,6.2,5.6
1995-10-01,153.5,5.44,6.04,5.5
1995-11-01,153.7,5.52,5.93,5.6
1995-12-01,153.9,5.29,5.71,5.6
1996-01-01,154.7,5.15,5.65,5.6
1996-02-01,155.0,4.96,5.81,5.5
1996-03-01,155.5,5.1,6.27,5.5
1996-04-01,156.1,5.09,6.51,5.6
1996-05-01,156.4,5.15,6.74,5.6
1996-06-01,156.7,5.23,6.91,5.3
1996-07-01,157.0,5.3,6.87,5.5
1996-08-01,157.2,5.19,6.64,5.1
1996-09-01,157.7,5.24,6.83,5.2
1996-10-01,158.2,5.12,6.53,5.2
1996-11-01,158.7,5.17,6.2,5.4
1996-12-01,159.1,5.04,6.3,5.4
1997-01-01,159.4,5.17,6.58,5.3
1997-02-01,159.7,5.14,6.42,5.2
1997-03-01,159.8,5.28,6.69,5.2
1997-04-01,159.9,5.3,6.89,5.1
1997-05-01,159.9,5.2,6.71,4.9
1997-06-01,160.2,5.07,6.49,5.0
1997-07-01,160.4,5.19,6.22,4.9
1997-08-01,160.8,5.28,6.3,4.8
1997-09-01,161.2,5.08,6.21,4.9
1997-10-01,161.5,5.11,6.03,4.7
1997-11-01,161.7,5.28,5.88,4.6
1997-12-01,161.8,5.3,5.81,4.7
1998-01-01,162.0,5.18,5.54,4.6
1998-02-01,162.0,5.23,5.57,4.6
1998-03-01,162.0,5.16,5.65,4.7
1998-04-01,162.2,5.08,5.64,4.3
1998-05-01,162.6,5.14,5.65,4.4
1998-06-01,162.8,5.12,5.5,4.5
1998-07-01,163.2,5.09,5.46,4.5
1998-08-01,163.4,5.04,5.34,4.5
1998-09-01,163.5,4.74,4.81,4.6
1998-10-01,163.9,4.07,4.53,4.5
1998-11-01,164.1,4.53,4.83,4.4
1998-12-01,164.4,4.5,4.65,4.4
1999-01-01,164.7,4.45,4.72,4.3
1999-02-01,164.7,4.56,5.0,4.4
1999-03-01,164.8,4.57,5.23,4.2
1999-04-01,165.9,4.41,5.18,4.3
1999-05-01,166.0,4.63,5.54,4.2
1999-06-01,166.0,4.72,5.9,4.3
1999-07-01,166.7,4.69,5.79,4.3
1999-08-01,167.1,4.87,5.94,4.2
1999-09-01,167.8,4.82,5.92,4.2
1999-10-01,168.1,5.02,6.11,4.1
1999-11-01,168.4,5.23,6.03,4.1
1999-12-01,168.8,5.36,6.28,4.0
2000-01-01,169.3,5.5,6.66,4.0
2000-02-01,170.0,5.73,6.52,4.1
2000-03-01,171.0,5.86,6.26,4.0
2000-04-01,170.9,5.82,5.99,3.8
2000-05-01,171.2,5.99,6.44,4.0
2000-06-01,172.2,5.86,6.1,4.0
2000-07-01,172.7,6.14,6.05,4.0
2000-08-01,172.7,6.28,5.83,4.1
2000-09-01,173.6,6.18,5.8,3.9
2000-10-01,173.9,6.29,5.74,3.9
2000-11-01,174.2,6.36,5.72,3.9
2000-12-01,174.6,5.94,5.24,3.9
2001-01-01,175.6,5.29,5.16,4.2
2001-02-01,176.0,5.01,5.1,4.2
2001-03-01,176.1,4.54,4.89,4.3
2001-04-01,176.4,3.97,5.14,4.4
2001-05-01,177.3,3.7,5.39,4.3
2001-06-01,177.7,3.57,5.28,4.5
2001-07-01,177.4,3.59,5.24,4.6
2001-08-01,177.4,3.44,4.97,4.9
2001-09-01,178.1,2.69,4.73,5.0
2001-10-01,177.6,2.2,4.57,5.3
2001-11-01,177.5,1.91,4.65,5.5
2001-12-01,177.4,1.72,5.09,5.7
2002-01-01,177.7,1.68,5.04,5.7
2002-02-01,178.0,1.76,4.91,5.7
2002-03-01,178.5,1.83,5.28,5.7
2002-04-01,179.3,1.75,5.21,5.9
2002-05-01,179.5,1.76,5.16,5.8
2002-06-01,179.6,1.73,4.93,5.8
2002-07-01,180.0,1.71,4.65,5.8
2002-08-01,180.5,1.65,4.26,5.7
2002-09-01,180.8,1.66,3.87,5.7
2002-10-01,181.2,1.61,3.94,5.7
2002-11-01,181.5,1.25,4.05,5.9
2002-12-01,181.8,1.21,4.03,6.0
2003-01-01,182.6,1.19,4.05,5.8
2003-02-01,183.6,1.19,3.9,5.9
2003-03-01,183.9,1.15,3.81,5.9
2003-04-01,183.2,1.15,3.96,6.0
2003-05-01,182.9,1.09,3.57,6.1
2003-06-01,183.1,0.94,3.33,6.3
2003-07-01,183.7,0.92,3.98,6.2
2003-08-01,184.5,0.97,4.45,6.1
2003-09-01,185.1,0.96,4.27,6.1
2003-10-01,184.9,0.94,4.29,6.0
2003-11-01,185.0,0.95,4.3,5.8
2003-12-01,185.5,0.91,4.27,5.7
2004-01-01,186.3,0.9,4.15,5.7
2004-02-01,186.7,0.94,4.08,5.6
2004-03-01,187.1,0.95,3.83,5.8
2004-04-01,187.4,0.96,4.35,5.6
2004-05-01,188.2,1.04,4.72,5.6
2004-06-01,188.9,1.29,4.73,5.6
2004-07-01,189.1,1.36,4.5,5.5
2004-08-01,189.2,1.5,4.28,5.4
2004-09-01,189.8,1.68,4.13,5.4
2004-10-01,190.8,1.79,4.1,5.5
2004-11-01,191.7,2.11,4.19,5.4
2004-12-01,191.7,2.22,4.23,5.4
2005-01-01,191.6,2.37,4.22,5.3
2005-02-01,192.4,2.58,4.17,5.4
2005-03-01,193.1,2.8,4.5,5.2
2005-04-01,193.7,2.84,4.34,5.2
2005-05-01,193.6,2.9,4.14,5.1
2005-06-01,193.7,3.04,4.0,5.0
2005-07-01,194.9,3.29,4.18,5.0
2005-08-01,196.1,3.52,4.26,4.9
2005-09-01,198.8,3.49,4.2,5.0
2005-10-01,199.1,3.79,4.46,5.0
2005-11-01,198.1,3.97,4.54,5.0
2005-12-01,198.1,3.97,4.47,4.9
2006-01-01,199.3,4.34,4.42,4.7
2006-02-01,199.4,4.54,4.57,4.8
2006-03-01,199.7,4.63,4.72,4.7
2006-04-01,200.7,4.72,4.99,4.7
2006-05-01,201.3,4.84,5.11,4.6
2006-06-01,201.8,4.92,5.11,4.6
2006-07-01,202.9,5.08,5.09,4.7
2006-08-01,203.8,5.09,4.88,4.7
2006-09-01,202.8,4.93,4.72,4.5
2006-10-01,201.9,5.05,4.73,4.4
2006-11-01,202.0,5.07,4.6,4.5
2006-12-01,203.1,4.97,4.56,4.4
2007-01-01,203.4,5.11,4.76,4.6
2007-02-01,204.2,5.16,4.72,4.5
2007-03-01,205.3,5.08,4.56,4.4
2007-04-01,205.9,5.01,4.69,4.5
2007-05-01,206.8,4.87,4.75,4.4
2007-06-01,207.2,4.74,5.1,4.6
2007-07-01,207.6,4.96,5.0,4.7
2007-08-01,207.7,4.32,4.67,4.6
2007-09-01,208.5,3.99,4.52,4.7
2007-10-01,209.2,4.0,4.53,4.7
2007-11-01,210.8,3.35,4.15,4.7
2007-12-01,211.4,3.07,4.1,5.0
2008-01-01,212.2,2.82,3.74,5.0
2008-02-01,212.7,2.17,3.74,4.9
2008-03-01,213.4,1.28,3.51,5.1
2008-04-01,213.9,1.31,3.68,5.0
2008-05-01,215.2,1.76,3.88,5.4
2008-06-01,217.5,1.89,4.1,5.6
2008-07-01,219.0,1.66,4.01,5.8
2008-08-01,218.7,1.75,3.89,6.1
2008-09-01,218.9,1.15,3.69,6.1
2008-10-01,217.0,0.69,3.81,6.5
2008-11-01,213.2,0.19,3.53,6.8
2008-12-01,211.4,0.03,2.42,7.3
2009-01-01,211.9,0.13,2.52,7.8
2009-02-01,212.7,0.3,2.87,8.3
2009-03-01,212.5,0.22,2.82,8.7
2009-04-01,212.7,0.16,2.93,9.0
2009-05-01,213.0,0.18,3.29,9.4
2009-06-01,214.8,0.18,3.72,9.5
2009-07-01,214.7,0.18,3.56,9.5
2009-08-01,215.4,0.17,3.59,9.6
2009-09-01,215.9,0.12,3.4,9.8
2009-10-01,216.5,0.07,3.39,10.0
2009-11-01,217.2,0.05,3.4,9.9
2009-12-01,217.3,0.05,3.59,9.9
2010-01-01,217.5,0.06,3.73,9.8
2010-02-01,217.3,0.11,3.69,9.8
2010-03-01,217.4,0.15,3.73,9.9
2010-04-01,217.4,0.16,3.85,9.9
2010-05-01,217.3,0.16,3.42,9.6
2010-06-01,217.2,0.12,3.2,9.4
2010-07-01,217.6,0.16,3.01,9.4
2010-08-01,217.9,0.16,2.7,9.5
2010-09-01,218.3,0.15,2.65,9.5
2010-10-01,219.0,0.13,2.54,9.4
2010-11-01,219.6,0.14,2.76,9.8
2010-12-01,220.5,0.14,3.29,9.3
2011-01-01,221.2,0.15,3.39,9.1
2011-02-01,221.9,0.13,3.58,9.0
2011-03-01,223.0,0.1,3.41,9.0
2011-04-01,224.1,0.06,3.46,9.1
2011-05-01,224.8,0.04,3.17,9.0
2011-06-01,224.8,0.04,3.0,9.1
2011-07-01,225.4,0.04,3.0,9.0
2011-08-01,226.1,0.02,2.3,9.0
2011-09-01,226.6,0.01,1.98,9.0
2011-10-01,226.8,0.02,2.15,8.8
2011-11-01,227.2,0.01,2.01,8.6
2011-12-01,227.2,0.01,1.98,8.5
2012-01-01,227.8,0.03,1.97,8.3
2012-02-01,228.3,0.09,1.97,8.3
2012-03-01,228.8,0.08,2.17,8.2
2012-04-01,229.2,0.08,2.05,8.2
2012-05-01,228.7,0.09,1.8,8.2
2012-06-01,228.5,0.09,1.62,8.2
2012-07-01,228.6,0.1,1.53,8.2
2012-08-01,229.9,0.1,1.68,8.1
2012-09-01,231.0,0.11,1.72,7.8
2012-10-01,231.6,0.1,1.75,7.8
2012-11-01,231.2,0.09,1.65,7.7
2012-12-01,231.2,0.07,1.72,7.9
2013-01-01,231.7,0.07,1.91,8.0
2013-02-01,232.9,0.1,1.98,7.7
2013-03-01,232.3,0.09,1.96,7.5
2013-04-01,231.8,0.06,1.76,7.6
2013-05-01,231.9,0.04,1.93,7.5
2013-06-01,232.4,0.05,2.3,7.5
2013-07-01,232.9,0.04,2.58,7.3
2013-08-01,233.5,0.04,2.74,7.2
2013-09-01,233.5,0.02,2.81,7.2
2013-10-01,233.7,0.05,2.62,7.2
2013-11-01,234.1,0.07,2.72,6.9
2013-12-01,234.7,0.07,2.9,6.7
2014-01-01,235.3,0.04,2.86,6.6
2014-02-01,235.5,0.05,2.71,6.7
2014-03-01,236.0,0.05,2.72,6.7
2014-04-01,236.5,0.03,2.71,6.2
2014-05-01,236.9,0.03,2.56,6.3
2014-06-01,237.2,0.04,2.6,6.1
2014-07-01,237.5,0.03,2.54,6.2
2014-08-01,237.5,0.03,2.42,6.1
2014-09-01,237.5,0.02,2.53,5.9
2014-10-01,237.4,0.02,2.3,5.7
2014-11-01,237.0,0.02,2.33,5.8
2014-12-01,236.3,0.03,2.21,5.6
2015-01-01,234.7,0.03,1.88,5.7
2015-02-01,235.3,0.02,1.98,5.5
2015-03-01,236.0,0.03,2.04,5.4
2015-04-01,236.2,0.02,1.94,5.4
2015-05-01,237.0,0.02,2.2,5.6
2015-06-01,237.7,0.02,2.36,5.3
2015-07-01,238.0,0.03,2.32,5.2
2015-08-01,238.0,0.07,2.17,5.1
2015-09-01,237.5,0.02,2.17,5.0
2015-10-01,237.7,0.02,2.07,5.0
2015-11-01,238.0,0.13,2.26,5.1
2015-12-01,237.8,0.23,2.24,5.0
2016-01-01,237.7,0.26,2.09,4.8
2016-02-01,237.3,0.31,1.78,4.9
2016-03-01,238.1,0.3,1.89,5.0
2016-04-01,239.0,0.23,1.81,5.1
2016-05-01,239.6,0.28,1.81,4.8
2016-06-01,240.2,0.27,1.64,4.9
2016-07-01,240.1,0.3,1.5,4.8
2016-08-01,240.5,0.3,1.56,4.9
2016-09-01,241.2,0.29,1.63,5.0
2016-10-01,241.7,0.33,1.76,4.9
2016-11-01,242.0,0.45,2.14,4.7
2016-12-01,242.6,0.51,2.49,4.7
2017-01-01,243.6,0.52,2.43,4.7
2017-02-01,244.0,0.53,2.42,4.6
2017-03-01,243.9,0.75,2.48,4.4
2017-04-01,244.2,0.81,2.3,4.4
2017-05-01,244.0,0.9,2.3,4.4
2017-06-01,244.2,1.0,2.19,4.3
2017-07-01,244.2,1.09,2.32,4.3
2017-08-01,245.2,1.03,2.21,4.4
2017-09-01,246.4,1.05,2.2,4.3
2017-10-01,246.6,1.09,2.36,4.2
2017-11-01,247.3,1.25,2.35,4.2
2017-12-01,247.8,1.34,2.4,4.1
2018-01-01,248.9,1.43,2.58,4.0
2018-02-01,249.5,1.59,2.86,4.1
2018-03-01,249.6,1.73,2.84,4.0
2018-04-01,250.2,1.79,2.87,4.0
2018-05-01,250.8,1.9,2.98,3.8
2018-06-01,251.0,1.94,2.91,4.0
2018-07-01,251.2,1.99,2.89,3.8
2018-08-01,251.7,2.07,2.89,3.8
2018-09-01,252.2,2.17,3.0,3.7
2018-10-01,252.8,2.29,3.15,3.8
2018-11-01,252.6,2.37,3.12,3.8
2018-12-01,252.8,2.41,2.83,3.9
2019-01-01,252.7,2.42,2.71,4.0
2019-02-01,253.3,2.44,2.68,3.8
2019-03-01,254.2,2.45,2.57,3.8
2019-04-01,255.2,2.43,2.53,3.6
2019-05-01,255.3,2.4,2.4,3.7
2019-06-01,255.2,2.22,2.07,3.6
2019-07-01,255.7,2.15,2.06,3.7
2019-08-01,256.1,1.99,1.63,3.7
2019-09-01,256.5,1.93,1.7,3.5
2019-10-01,257.2,1.68,1.71,3.6
2019-11-01,257.8,1.57,1.81,3.6
2019-12-01,258.6,1.57,1.86,3.6
2020-01-01,259.0,1.55,1.76,3.5
2020-02-01,259.2,1.54,1.5,3.5
2020-03-01,258.1,0.3,0.87,4.4
2020-04-01,256.1,0.14,0.66,14.7
2020-05-01,255.9,0.13,0.67,13.2
2020-06-01,257.0,0.16,0.73,11.0
2020-07-01,258.3,0.13,0.62,10.2
2020-08-01,259.4,0.1,0.65,8.4
2020-09-01,260.0,0.11,0.68,7.9
2020-10-01,260.3,0.1,0.79,6.9
2020-11-01,260.8,0.09,0.87,6.7
2020-12-01,262.0,0.09,0.93,6.7
2021-01-01,262.6,0.08,1.08,6.3
2021-02-01,263.6,0.04,1.26,6.2
2021-03-01,264.9,0.03,1.61,6.1
2021-04-01,266.7,0.02,1.64,6.1
2021-05-01,268.4,0.02,1.62,5.8
2021-06-01,270.6,0.04,1.52,5.9
2021-07-01,271.8,0.05,1.32,5.4
2021-08-01,272.9,0.05,1.28,5.2
2021-09-01,274.0,0.04,1.37,4.8
2021-10-01,276.5,0.05,1.58,4.5
2021-11-01,278.7,0.05,1.56,4.2
2021-12-01,280.9,0.06,1.47,3.9
2022-01-01,282.6,0.15,1.76,4.0
2022-02-01,284.6,0.31,1.93,3.8
2022-03-01,287.5,0.45,2.13,3.6
2022-04-01,288.6,0.76,2.75,3.6
2022-05-01,291.3,0.99,2.9,3.6
2022-06-01,294.7,1.54,3.14,3.6
2022-07-01,294.6,2.3,2.9,3.5
2022-08-01,295.3,2.72,2.9,3.7
2022-09-01,296.5,3.22,3.52,3.5
2022-10-01,298.0,3.87,3.98,3.7
2022-11-01,298.6,4.32,3.89,3.6
2022-12-01,299.0,4.36,3.62,3.5
2023-01-01,300.5,4.69,3.53,3.4
2023-02-01,301.6,4.79,3.75,3.6
2023-03-01,301.8,4.86,3.66,3.5
