,headline,final_score,datetime
0,"Philip Morris International Inc. stock falls Thursday, underperforms market",90,2023-05-04 10:19:00
4,"Philip Morris International Inc. stock falls Wednesday, underperforms market",90,2023-05-03 10:19:00
5,Philip Morris International Inc. (PMI) Holds 2023 Virtual Annual Meeting of Shareholders,90,2023-05-03 07:37:00
6,Philip Morris International Inc. stock underperforms Tuesday when compared to competitors,90,2023-05-02 10:18:00
8,Philip Morris International Inc. (NYSE:PM) insiders sold US$16m worth of stock suggesting impending weakness.,90,2023-05-02 04:00:29
9,Australia to ban recreational vaping in e-cigarette crackdown,52,2023-05-02 01:41:54
10,UPDATE 2-Australia to ban recreational vaping in e-cigarette crackdown,52,2023-05-01 21:16:52
15,"Philip Morris International Inc. stock falls Monday, underperforms market",90,2023-05-01 10:18:00
19,"Philip Morris International Inc. stock rises Friday, outperforms market",90,2023-04-28 10:18:00
20,Philip Morris International First Quarter 2023 Earnings: EPS Misses Expectations,86,2023-04-28 03:28:44
21,Longleaf Partners International Fund Q1 2023 Commentary,86,2023-04-27 15:15:00
22,"Philip Morris International Inc. stock rises Thursday, still underperforms market",90,2023-04-27 10:19:00
23,Philip Morris International to Host Webcast of 2023 Virtual Annual Meeting of Shareholders,86,2023-04-27 07:50:00
24,June 9th Options Now Available For Philip Morris International (PM),86,2023-04-27 03:15:00
26,See Which Of The Latest 13F Filers Holds Philip Morris International,86,2023-04-27 02:20:00
28,Philip Morris International Inc. stock outperforms competitors despite losses on the day,90,2023-04-26 10:18:00
30,Philip Morris International Inc. stock underperforms Tuesday when compared to competitors despite daily gains,90,2023-04-25 10:18:00
31,Positive Report for Philip Morris (PM) from Goldman Sachs,86,2023-04-25 04:15:00
32,Why Philip Morris Stock (NYSE:PM) Becomes Attractive Under $95,86,2023-04-24 23:35:00
36,Investors Heavily Search Philip Morris International Inc. (PM): Here is What You Need to Know,90,2023-04-24 06:00:01
39,Philip Morris International is tipped by Argus to run to new high,86,2023-04-24 04:00:00
40,"Philip Morris International Inc. stock rises Monday, outperforms market",90,2023-04-23 21:20:00
41,Analysts Offer Insights on Consumer Goods Companies: Philip Morris (PM) and Coca-Cola (KO),86,2023-04-23 21:20:00
45,Returns On Capital At Philip Morris International (NYSE:PM) Paint A Concerning Picture,86,2023-04-21 07:00:21
46,Bernstein Sticks to Their Hold Rating for Philip Morris (PM),86,2023-04-21 05:55:00
50,Q1 2023 Philip Morris International Inc Earnings Call,90,2023-04-20 21:43:31
51,"Analysts Offer Insights on Consumer Goods Companies: Philip Morris (PM), Snap-on (SNA) and Tractor Supply (TSCO)",86,2023-04-20 21:33:00
52,Philip Morris International Inc. stock outperforms market on strong trading day,90,2023-04-20 21:19:00
53,Analysts Offer Insights on Consumer Goods Companies: AutoNation (AN) and Philip Morris (PM),86,2023-04-20 21:11:00
54,Deutsche Bank Reaffirms Their Buy Rating on Philip Morris (PM),86,2023-04-20 20:45:00
56,Philip Morris International Inc. stock underperforms Thursday when compared to competitors,90,2023-04-20 10:18:00
57,Why Philip Morris Stock Is Falling After Earnings Beat Expectations,86,2023-04-20 10:16:00
58,Why Cigarette Maker Philip Morris International Stock Is Plunging Today,86,2023-04-20 09:42:58
59,"Philip Morris (PM) Q1 Earnings Top Estimates, Revenues Rise",86,2023-04-20 08:50:03
60,Philip Morris (PM) Reports Q1 Earnings: What Key Metrics Have to Say,86,2023-04-20 08:00:03
61,Philip Morris International Inc. 2023 Q1 - Results - Earnings Call Presentation,90,2023-04-20 06:50:38
62,Philip Morris International Inc. (PM) Q1 2023 Earnings Call Transcript,90,2023-04-20 06:41:03
63,Philip Morris (PM) Q1 Earnings and Revenues Surpass Estimates,86,2023-04-20 05:15:12
64,Philip Morris trims annual profit forecast on elevated costs,86,2023-04-20 04:22:53
65,"Hot Stocks: TSM, LVS rise on earnings; PM, KEY drop on earnings; BBWI falls on analyst downgrade",60,2023-04-20 04:15:00
66,Philip Morris International Inc. (PMI) Reports 2023 First-Quarter Results,90,2023-04-20 03:59:00
68,Philip Morris Q1 Earnings And Revenues Surpass Estimates,86,2023-04-20 02:54:00
71,TOP NEWS: Philip Morris backs outlook and hails new Swedish Match unit,86,2023-04-20 00:33:00
72,Philip Morris stock pulls back after profit tops expectations but revenue comes up shy,86,2023-04-20 00:13:00
73,Philip Morris: Q1 Earnings Snapshot,64,2023-04-20 00:10:00
74,Philip Morris Down after Mixed Q1 Earnings,60,2023-04-20 00:10:00
75,Philip Morris posts mixed quarter as Swedish Match boosts smokeless sales,86,2023-04-19 23:15:00
76,"Philip Morris Non-GAAP EPS of $1.38 beats by $0.04, revenue of $8.02B misses by $10M",86,2023-04-19 23:05:00
77,"Philip Morris sees Q2 EPS $1.42-$1.47, consensus $1.60",86,2023-04-19 23:05:00
78,"Philip Morris reports Q1 EPS $1.38, consensus $1.34",86,2023-04-19 23:02:00
80,"Philip Morris International Inc. stock rises Wednesday, outperforms market",90,2023-04-19 10:18:00
85,Why Earnings Season Could Be Great for Philip Morris (PM),86,2023-04-19 05:32:12
88,"Philip Morris International Releases First TCFD Report, Recognized as Supplier Engagement Leader by CDP",86,2023-04-19 01:09:00
89,Philip Morris Q1 Earnings Preview: Throwback To Reality Imminent?,86,2023-04-18 23:00:00
90,Stefanini and Philip Morris International join hands to support 80 countries,86,2023-04-18 22:03:00
91,Philip Morris Q1 2023 expected to show continued momentum from strong Q4 2022,86,2023-04-18 19:29:00
93,Philip Morris International Stock Getting Closer To Key Technical Measure,86,2023-04-18 10:31:00
94,"Philip Morris International Inc. stock rises Tuesday, outperforms market",90,2023-04-18 10:18:00
96,"Analysts Offer Insights on Consumer Goods Companies: Lithia Motors (LAD), Philip Morris (PM) and Etsy (ETSY)",86,2023-04-18 00:41:00
98,Philip Morris International Inc. stock underperforms Monday when compared to competitors despite daily gains,90,2023-04-17 10:18:00
99,Factors to Watch as Philip Morris (PM) Readies for Q1 Earnings,86,2023-04-17 07:12:02
107,Stifel Reiterates Philip Morris International (PM) Buy Recommendation,86,2023-04-14 14:55:17
108,Philip Morris International Inc. stock underperforms Friday when compared to competitors,90,2023-04-14 10:18:00
111,Analysts Offer Insights on Consumer Goods Companies: Philip Morris (PM) and Rivian Automotive (RIVN),86,2023-04-13 20:31:00
113,Philip Morris (PM) Gains But Lags Market: What You Should Know,86,2023-04-13 14:50:09
116,Philip Morris International Inc. (PMI) to Host Webcast of 2023 First-Quarter Results,90,2023-04-13 08:57:00
117,Philip Morris (PM) Expected to Beat Earnings Estimates: Can the Stock Move Higher?,86,2023-04-13 07:00:02
119,Philip Morris resumed with a Buy at Stifel,56,2023-04-12 20:11:00
122,Philip Morris International Inc. stock outperforms competitors on strong trading day,90,2023-04-12 10:17:00
123,Philip Morris International Inc.'s (NYSE:PM) Intrinsic Value Is Potentially 43% Above Its Share Price,90,2023-04-12 07:00:13
126,Here is What to Know Beyond Why Philip Morris International Inc. (PM) is a Trending Stock,90,2023-04-11 06:00:01
128,Analysts Offer Insights on Consumer Goods Companies: Tractor Supply (TSCO) and Philip Morris (PM),86,2023-04-10 22:31:00
129,Philip Morris (PM) Stock Sinks As Market Gains: What You Should Know,86,2023-04-10 15:00:10
134,Philip Morris Is Looking To Smoke The Competition With Smoke-Free Products,86,2023-04-08 17:30:27
136,Philip Morris International's (NYSE:PM) investors will be pleased with their favorable 55% return over the last three years,86,2023-04-07 04:00:35
137,Altria Vs. Philip Morris: Which Is the Better Dividend Play?,86,2023-04-07 04:00:00
138,Philip Morris: Is It A Good Dividend Investment?,86,2023-04-06 19:53:07
139,Philip Morris: One Of The Best SWAN Stocks To Own,86,2023-04-06 10:31:49
140,Philip Morris International: Buy The Substance And Ignore The Noise,86,2023-04-06 06:35:27
143,Reasons for the Outperformance of Philip Morris International (PM),86,2023-04-06 05:17:54
144,PM May 26th Options Begin Trading,60,2023-04-06 04:48:00
145,"The Zacks Analyst Blog Highlights Mastercard, AstraZeneca, Philip Morris, TJX and Citigroup",86,2023-04-06 02:48:09
147,"Top Analyst Reports for Mastercard, AstraZeneca & Philip Morris",86,2023-04-05 12:36:07
149,Why Philip Morris (PM) is Poised to Beat Earnings Estimates Again,86,2023-04-05 09:10:04
150,Here's Why Philip Morris (PM) is a Strong Growth Stock,86,2023-04-05 06:45:01
151,Philip Morris International Releases Integrated Report 2022,86,2023-04-05 02:12:00
152,Philip Morris making progress on goal to be smoke-free company by 2025 and become wellness company over time,86,2023-04-04 23:08:00
154,Philip Morris (PM) Stock Moves -0.37%: What You Should Know,86,2023-04-04 15:00:10
155,Philip Morris International Inc. stock outperforms market despite losses on the day,90,2023-04-04 10:18:00
157,Video: S&P 500 Analyst Moves: PM,60,2023-04-03 04:22:00
158,Philip Morris International Takes Over #61 Spot From HCA Healthcare,86,2023-04-03 04:05:00
160,An excellent week for Philip Morris International Inc.'s (NYSE:PM) institutional owners who own 77% as one-year returns inch higher,90,2023-04-01 06:00:14
163,Walmart and Philip Morris Get Upgrades. Can Either Beat 5% Money Markets?,86,2023-03-31 14:59:00
164,Is Philip Morris or Altria the Better Value Stock?,86,2023-03-31 14:00:00
166,"Philip Morris International Inc. stock rises Friday, still underperforms market",90,2023-03-31 10:22:00
169,"Zacks Industry Outlook Highlights Philip Morris International, Altria Group and Turning Point Brands",86,2023-03-31 02:10:09
171,Unusual Put Option Trade in Philip Morris International (PM)  Worth $960.00K,86,2023-03-30 13:42:15
172,JP Morgan Upgrades Philip Morris International (PM),86,2023-03-30 13:40:21
174,Philip Morris Stock Gets an  Upgrade. Now Is an ‘Attractive Entry Point.’,86,2023-03-30 06:03:00
