,headline,final_score,datetime
1,"Down 30%, Is American Tower a Buy Right Now?",86,2023-05-05 03:23:00
3,American Tower REIT stock outperforms competitors on strong trading day,86,2023-05-04 09:36:00
5,See Which Of The Latest 13F Filers Holds American Tower,86,2023-05-04 04:27:00
6,"American Tower REIT stock falls Wednesday, underperforms market",86,2023-05-03 09:37:00
8,"American Tower REIT stock falls Tuesday, underperforms market",86,2023-05-02 09:36:00
14,Jefferies Reaffirms Their Buy Rating on American Tower (AMT),86,2023-05-02 00:46:00
19,Barclays Maintains American Tower (AMT) Overweight Recommendation,86,2023-05-01 10:24:41
20,"American Tower REIT stock falls Monday, underperforms market",86,2023-05-01 09:36:00
23,"Analysts Offer Insights on Financial Companies: American Tower (AMT), Cullen/Frost Bankers (CFR) and Weyerhaeuser (WY)",86,2023-05-01 01:51:00
24,"Analysts Are Bullish on These Financial Stocks: American Tower (AMT), Ares Management (ARES)",86,2023-04-30 21:21:00
25,American Tower price target raised to $233 from $229 at Barclays,86,2023-04-30 21:07:00
28,"American Tower REIT stock falls Friday, underperforms market",86,2023-04-28 09:36:00
31,"Analysts Offer Insights on Financial Companies: American Tower (AMT), Evercore Partners (EVR) and Bank of NT Butterfield & Son (NTB)",86,2023-04-27 18:40:00
32,Raymond James Maintains American Tower (AMT) Outperform Recommendation,86,2023-04-27 14:06:49
34,American Tower price target raised to $238 from $227 at Raymond James,86,2023-04-26 23:35:00
35,Barclays Reaffirms Their Buy Rating on American Tower (AMT),86,2023-04-26 23:16:00
36,Q1 2023 American Tower Corp Earnings Call,86,2023-04-26 23:04:45
37,Analysts Conflicted on These Financial Names: American Tower (AMT) and Prologis (PLD),86,2023-04-26 21:20:00
40,"American Tower Beats Street Topline View, Organic Tenant Billings See Growth",86,2023-04-26 10:23:52
41,"American Tower (AMT) Q1 AFFO & Revenues Top, '23 View Revised",86,2023-04-26 07:08:02
42,American Tower (AMT) Q1 Earnings: Taking a Look at Key Metrics Versus Estimates,86,2023-04-26 06:30:01
43,American Tower Corporation (AMT) Q1 2023 Earnings Call Transcript,86,2023-04-26 05:56:06
44,American Tower (AMT) Q1 FFO and Revenues Top Estimates,86,2023-04-26 05:15:12
45,"American Tower reports Q1 adjusted FFO $2.54, consensus $2.38",86,2023-04-26 05:12:00
46,American Tower: Q1 Earnings Snapshot,86,2023-04-26 04:10:21
47,American Tower Corporation Reports First Quarter 2023 Financial Results,86,2023-04-26 04:00:00
48,American Tower boosts FFO guidance on forex impact after Q1 earnings beat,86,2023-04-26 02:07:00
49,American Tower revenue rises but trims guidance on Mexico Fiber sale,86,2023-04-26 01:28:00
50,"American Tower sees FY23 AFFO $9.53-$9.76, consensus $9.60",86,2023-04-26 00:19:00
51,American Tower reports Q1 EPS $2.54 vs $2.55 last year,86,2023-04-25 23:15:00
52,American Tower beats Q1 top and bottom line estimates; updates FY23 outlook,86,2023-04-25 23:06:00
55,American Tower REIT stock outperforms competitors despite losses on the day,86,2023-04-25 09:36:00
56,Is American Tower Stock a Buy?,74,2023-04-25 07:41:00
57,Key Factors to Impact Medical Properties' (MPW) Q1 Earnings,51,2023-04-25 05:55:12
58,Why Earnings Season Could Be Great for American Tower (AMT),86,2023-04-25 05:32:12
59,5G development demand estimated to help American Tower`s Q1 earnings,86,2023-04-25 05:26:00
63,Is a Beat in Store for American Tower (AMT) in Q1 Earnings?,86,2023-04-24 06:03:01
66,American Tower Vs. Crown Castle: Which Is The Best REIT For 2023?,86,2023-04-24 01:05:00
74,Before You Buy American Tower: Here's a REIT I'd Buy First,86,2023-04-21 02:39:00
75,"American Tower: A Solid Company, But Seeing Some Headwinds",86,2023-04-20 23:21:11
76,American Tower: Growth On Sale,74,2023-04-20 22:20:07
77,"American Tower REIT stock falls Thursday, underperforms market",86,2023-04-20 09:36:00
80,Unusual Put Option Trade in American Tower (AMT)  Worth $103.05K,86,2023-04-19 14:21:48
81,American Tower REIT stock underperforms Wednesday when compared to competitors,86,2023-04-19 09:36:00
85,Morgan Stanley Maintains American Tower (AMT) Equal-Weight Recommendation,86,2023-04-18 16:22:49
86,American Tower (AMT) Stock Sinks As Market Gains: What You Should Know,86,2023-04-18 15:00:10
90,American Tower price target lowered to $215 from $224 at Morgan Stanley,86,2023-04-17 23:15:00
94,American Tower REIT stock outperforms market on strong trading day,86,2023-04-17 09:36:00
100,American Tower Stock (NYSE:AMT): A Tailored Solution for a Challenging Market,86,2023-04-13 22:57:00
101,"American Tower REIT stock rises Thursday, still underperforms market",86,2023-04-13 09:36:00
103,American Tower (AMT) Gains As Market Dips: What You Should Know,86,2023-04-12 15:00:10
104,"American Tower Achieves #51 Analyst Rank, Surpassing CDW",86,2023-04-12 04:58:00
105,Video: S&P 500 Analyst Moves: AMT,60,2023-04-12 04:58:00
106,Broader REIT Sell-Off Impacted American Tower Corporation (AMT) in Q1,86,2023-04-12 01:09:31
109,American Tower (AMT) Gains 13.4% in Past 6 Months: Here's Why,86,2023-04-11 06:31:01
111,"American Tower REIT stock rises Monday, outperforms market",86,2023-04-10 09:36:00
117,American Tower Plans First Quarter 2023 Earnings Release and Conference Call,86,2023-04-07 13:30:00
122,American Tower (AMT) Outpaces Stock Market Gains: What You Should Know,86,2023-04-06 15:15:10
125,American Tower Takes Over #83 Spot From Analog Devices,86,2023-04-05 23:38:00
132,"American Tower REIT stock rises Friday, outperforms market",86,2023-03-31 09:36:00
134,MoffettNathanson Upgrades American Tower (AMT),86,2023-03-30 13:38:51
136,American Tower upgraded to Outperform from Market Perform at MoffettNathanson,86,2023-03-29 22:15:00
143,American Tower (AMT) Stock Moves -0.14%: What You Should Know,86,2023-03-28 15:15:10
145,American Tower REIT stock underperforms Tuesday when compared to competitors,86,2023-03-28 09:36:00
147,American Tower Stock (NYSE:AMT): Interest Rate Headwinds to Ease by 2024,86,2023-03-27 20:04:00
148,American Tower Stock (NYSE:AMT): Interest Rate Headwinds Should Ease by 2024,86,2023-03-27 20:03:00
149,Warning: AMT is at high risk of performing badly,60,2023-03-27 19:46:00
150,"If You Invested $10K In American Tower 5 years Ago, Here's How Much You Would Be Making In Dividends Today",86,2023-03-27 11:33:13
153,Is American Tower (AMT) an Apt Choice for Your Portfolio Now?,86,2023-03-24 08:02:03
158,American Tower price target lowered to $229 from $246 at Barclays,86,2023-03-22 21:33:00
