,headline,final_score,datetime
0,Range Resources: Home On The Range,86,2023-05-03 07:08:46
1,Brokers Are Upgrading Their Views On CNX Resources Corporation (NYSE:CNX) With These New Forecasts,90,2023-05-03 03:16:39
2,Unusual Put Option Trade in CNX Resources (CNX)  Worth $105.00K,86,2023-05-02 17:22:05
5,Truist Securities Maintains CNX Resources (CNX) Hold Recommendation,86,2023-04-28 10:39:32
6,"CNX Resources (CNX) Q1 Earnings Beat, Sales Miss Estimates",86,2023-04-28 03:00:10
7,Q1 2023 CNX Resources Corp Earnings Call,90,2023-04-27 20:49:06
9,CNX Resources Corp (CNX) Q1 2023 Earnings Call Transcript,90,2023-04-27 06:23:06
10,CNX Resources Corporation. (CNX) Q1 Earnings Surpass Estimates,90,2023-04-27 05:05:12
11,CNX Reports First Quarter Results,86,2023-04-27 03:45:00
12,CNX Resources reports mixed Q1 earnings; updates FY23 outlook,86,2023-04-26 22:58:00
14,CNX Resources Q1 2023 Earnings Preview,86,2023-04-26 03:42:00
15,Stephens & Co. Initiates Coverage of CNX Resources (CNX) with Equal-Weight Recommendation,86,2023-04-25 08:08:43
16,What's in Store for CNX Resources (CNX) in Q1 Earnings?,86,2023-04-24 07:48:02
18,CNX Resources initiated with an Equal Weight at Stephens,86,2023-04-23 22:15:00
19,Analysts Estimate CNX Resources Corporation. (CNX) to Report a Decline in Earnings: What to Look Out for,90,2023-04-20 07:02:02
21,Warning: CNX is at high risk of performing badly,86,2023-04-18 20:13:00
22,Those who invested in CNX Resources (NYSE:CNX) three years ago are up 69%,86,2023-04-12 08:46:36
23,Truist Financial Reaffirms Their Hold Rating on CNX Resources (CNX),86,2023-04-11 04:26:00
26,CNX Crosses Above Key Moving Average Level,86,2023-04-10 20:02:00
27,"CNX Resources: Protected Against Natural Gas Prices, Attractive Valuation",86,2023-04-10 05:55:02
29,CNX Resources Corporation Announces First Quarter 2023 Financial Results and Conference Call Schedule,90,2023-04-05 03:45:00
31,CNX Resources announces multi-billion-dollar clean ammonia production facility,86,2023-04-02 22:51:00
32,CNX Resources (CNX) Gets a Hold from J.P. Morgan,86,2023-03-31 00:16:00
36,Interesting CNX Put And Call Options For May 19th,86,2023-03-17 02:36:00
38,CNX Resources price target lowered to $16 from $18 at Mizuho,86,2023-03-09 21:49:00
